Full Time,7.153490304946899
Full Distance,[A787
Base Speed,1.0
t,error[mm],angle[rad],distance[mm],rw_speed[rad/s],lw_speeed[rad/s],pozyx_x_1,pozyx_y_1,pozyx_rot_y_1,pozyx_x_2,pozyx_y_2,pozyx_rot_2
0,1661000104.6951244,319.0,392.5,0.3,500.0,-28.5,-0.14512632217340365,355.6166777748237,0.0,-0.0,0.0,0.0,0.0,0.0,0.0,0.0
1,1661000104.724644,319.0,392.5,0.3,500.0,-28.5,-0.14512632217340365,355.6166777748237,0.0,-0.0,0.0,0.0,0.0,0.0,0.0,0.0
2,1661000104.7378206,319.0,392.5,0.3,500.0,-28.5,-0.14512632217340365,355.6166777748237,0.0,-0.0,0.0,0.0,0.0,0.0,0.0,0.0
3,1661000104.740744,320.0,394.5,0.3,500.0,-29.5,-0.15014355106463,355.2789169274879,0.0,-0.0,0.0,0.0,0.0,0.0,0.0,0.0
4,1661000104.748829,321.0,394.5,0.3,500.0,-28.5,-0.14512632217340365,357.3258360686562,0.0,-0.0,0.0,0.0,0.0,0.0,0.0,0.0
5,1661000104.7622664,321.0,394.5,0.3,500.0,-28.5,-0.14512632217340365,357.3258360686562,0.0,-0.0,0.0,0.0,0.0,0.0,0.0,0.0
6,1661000104.7647996,321.0,396.0,0.3,500.0,-30.0,-0.15264932839526515,355.53459113504306,0.0,-0.0,0.0,0.0,0.0,0.0,0.0,0.0
7,1661000104.7783124,321.0,396.0,0.3,500.0,-30.0,-0.15264932839526515,355.53459113504306,0.0,-0.0,0.0,0.0,0.0,0.0,0.0,0.0
8,1661000104.7862575,321.0,396.0,0.3,500.0,-30.0,-0.15264932839526515,355.53459113504306,0.0,-0.0,0.0,0.0,0.0,0.0,0.0,0.0
9,1661000104.7945898,321.0,396.0,0.3,500.0,-30.0,-0.15264932839526515,355.53459113504306,0.0,-0.0,0.0,0.0,0.0,0.0,0.0,0.0
10,1661000104.7974768,321.0,396.0,0.3,500.0,-30.0,-0.15264932839526515,355.53459113504306,0.0,-0.0,0.0,0.0,0.0,0.0,0.0,0.0
11,1661000104.800904,321.0,396.0,0.3,500.0,-30.0,-0.15264932839526515,355.53459113504306,0.0,-0.0,0.0,0.0,0.0,0.0,0.0,0.0
12,1661000104.8093228,318.5,396.5,0.3,500.0,-33.0,-0.1676424378312157,349.84155628255655,0.0,-0.0,0.0,0.0,0.0,0.0,0.0,0.0
13,1661000104.826783,318.5,394.0,0.3,500.0,-30.5,-0.15515317524296215,352.8110610800301,0.0,-0.0,0.0,0.0,0.0,0.0,0.0,0.0
14,1661000104.850681,318.5,394.0,0.3,500.0,-30.5,-0.15515317524296215,352.8110610800301,0.0,-0.0,0.0,0.0,0.0,0.0,0.0,0.0
15,1661000104.8642406,318.5,394.0,0.3,500.0,-30.5,-0.15515317524296215,352.8110610800301,0.0,0.05767640843987465,0.0,0.0,0.0,0.0,0.0,0.0
16,1661000104.9139314,321.0,395.0,0.3,500.0,-29.0,-0.14763587252075236,356.7286346012762,0.0,0.05767640843987465,0.0,0.0,0.0,0.0,0.0,0.0
17,1661000104.9242845,321.5,395.0,0.3,500.0,-28.5,-0.14512632217340365,357.7531256421143,0.0,0.0384509414434433,0.0,0.0,0.0,0.0,0.0,0.0
18,1661000104.9434166,321.5,395.0,0.3,500.0,-28.5,-0.14512632217340365,357.7531256421143,0.0,0.0384509414434433,0.0,0.0,0.0,0.0,0.0,0.0
19,1661000104.9677744,321.5,395.0,0.3,500.0,-28.5,-0.14512632217340365,357.7531256421143,0.0,0.0384509414434433,0.0,0.0,0.0,0.0,0.0,0.0
20,1661000105.0321178,321.5,395.0,0.3,500.0,-28.5,-0.14512632217340365,357.7531256421143,0.0,0.09612735360860825,0.0,0.0,0.0,0.0,0.0,0.0
21,1661000105.0449593,321.0,393.5,0.3,500.0,-27.5,-0.14010172439663027,358.5205476932843,0.0,0.09612735360860825,0.0,0.0,0.0,0.0,0.0,0.0
22,1661000105.0535433,321.0,393.5,0.3,500.0,-27.5,-0.14010172439663027,358.5205476932843,0.0,0.09612735360860825,0.0,0.0,0.0,0.0,0.0,0.0
23,1661000105.0715635,322.0,392.5,0.3,500.0,-25.5,-0.13003137634169143,361.7713150979519,0.0,0.1153528168797493,0.0,0.0,0.0,0.0,0.0,0.0
24,1661000105.095967,322.0,392.5,0.3,500.0,-25.5,-0.13003137634169143,361.7713150979519,0.0,0.1153528168797493,0.0,0.0,0.0,0.0,0.0,0.0
25,1661000105.1143565,322.0,392.5,0.3,500.0,-25.5,-0.13003137634169143,361.7713150979519,0.0,0.1153528168797493,0.0,0.0,0.0,0.0,0.0,0.0
26,1661000105.1287766,322.0,392.5,0.3,500.0,-25.5,-0.13003137634169143,361.7713150979519,0.0,0.13457830250263214,0.0,0.0,0.0,0.0,0.0,0.0
27,1661000105.1313248,322.0,395.0,0.3,500.0,-28.0,-0.14261492957058067,358.77869506664604,0.0,0.13457830250263214,0.0,0.0,0.0,0.0,0.0,0.0
28,1661000105.1444814,322.0,395.0,0.3,500.0,-28.0,-0.14261492957058067,358.77869506664604,0.0,0.13457830250263214,0.0,0.0,0.0,0.0,0.0,0.0
29,1661000105.1582453,322.0,395.0,0.3,500.0,-28.0,-0.14261492957058067,358.77869506664604,0.0,0.13457830250263214,0.0,0.0,0.0,0.0,0.0,0.0
30,1661000105.1613004,322.0,395.0,0.3,500.0,-28.0,-0.14261492957058067,358.77869506664604,0.0,0.13457830250263214,0.0,0.0,0.0,0.0,0.0,0.0
31,1661000105.1638734,322.0,395.0,0.3,500.0,-28.0,-0.14261492957058067,358.77869506664604,0.0,0.13457830250263214,0.0,0.0,0.0,0.0,0.0,0.0
32,1661000105.1778312,322.0,395.0,0.3,500.0,-28.0,-0.14261492957058067,358.77869506664604,0.0,0.13457830250263214,0.0,0.0,0.0,0.0,0.0,0.0
33,1661000105.1863923,322.0,395.0,0.3,500.0,-28.0,-0.14261492957058067,358.77869506664604,0.0,0.13457830250263214,0.0,0.0,0.0,0.0,0.0,0.0
34,1661000105.195868,322.0,394.5,0.3,500.0,-27.5,-0.14010172439663027,359.3770701815711,0.0,0.17302924394607544,0.0,0.0,0.0,0.0,0.0,0.0
35,1661000105.2144334,322.0,394.5,0.3,500.0,-27.5,-0.14010172439663027,359.3770701815711,0.0,0.17302924394607544,0.0,0.0,0.0,0.0,0.0,0.0
36,1661000105.2215152,322.0,396.5,0.3,500.0,-29.5,-0.15014355106463,356.9841822711558,0.0,0.17302924394607544,0.0,0.0,0.0,0.0,0.0,0.0
37,1661000105.22486,322.0,396.5,0.3,500.0,-29.5,-0.15014355106463,356.9841822711558,0.0,0.17302924394607544,0.0,0.0,0.0,0.0,0.0,0.0
38,1661000105.248552,322.0,396.5,0.3,500.0,-29.5,-0.15014355106463,356.9841822711558,0.0,0.17302924394607544,0.0,0.0,0.0,0.0,0.0,0.0
39,1661000105.2566426,321.5,395.5,0.3,500.0,-29.0,-0.14763587252075236,357.1554377460466,0.0,0.17302924394607544,0.0,0.0,0.0,0.0,0.0,0.0
40,1661000105.2656124,321.5,395.5,0.3,500.0,-29.0,-0.14763587252075236,357.1554377460466,0.0,0.17302924394607544,0.0,0.0,0.0,0.0,0.0,0.0
41,1661000105.268653,320.5,395.5,0.3,500.0,-30.0,-0.15264932839526515,355.1087619766908,0.0,0.17302924394607544,0.0,0.0,0.0,0.0,0.0,0.0
42,1661000105.271153,320.5,395.5,0.3,500.0,-30.0,-0.15264932839526515,355.1087619766908,0.0,0.17302924394607544,0.0,0.0,0.0,0.0,0.0,0.0
43,1661000105.2789912,320.5,395.5,0.3,500.0,-30.0,-0.15264932839526515,355.1087619766908,0.0,0.17302924394607544,0.0,0.0,0.0,0.0,0.0,0.0
44,1661000105.2822304,320.5,395.5,0.3,500.0,-30.0,-0.15264932839526515,355.1087619766908,0.0,0.17302924394607544,0.0,0.0,0.0,0.0,0.0,0.0
45,1661000105.2905774,320.5,395.5,0.3,500.0,-30.0,-0.15264932839526515,355.1087619766908,0.0,0.21148017048835754,0.0,0.0,0.0,0.0,0.0,0.0
46,1661000105.2938423,320.5,395.5,0.3,500.0,-30.0,-0.15264932839526515,355.1087619766908,0.0,0.21148017048835754,0.0,0.0,0.0,0.0,0.0,0.0
47,1661000105.296523,320.5,395.5,0.3,500.0,-30.0,-0.15264932839526515,355.1087619766908,0.0,0.21148017048835754,0.0,0.0,0.0,0.0,0.0,0.0
48,1661000105.315095,320.5,395.5,0.3,500.0,-30.0,-0.15264932839526515,355.1087619766908,0.0,0.24993112683296204,0.0,0.0,0.0,0.0,0.0,0.0
49,1661000105.3282044,322.5,395.0,0.3,500.0,-27.5,-0.14010172439663027,359.80533142571454,0.0,0.24993112683296204,0.0,0.0,0.0,0.0,0.0,0.0
50,1661000105.34656,322.5,395.0,0.3,500.0,-27.5,-0.14010172439663027,359.80533142571454,0.0,0.24993112683296204,0.0,0.0,0.0,0.0,0.0,0.0
51,1661000105.4084568,322.0,396.5,0.3,500.0,-29.5,-0.15014355106463,356.9841822711558,0.0,0.3076075315475464,0.0,0.0,0.0,0.0,0.0,0.0
52,1661000105.4480574,322.5,395.5,0.3,500.0,-28.0,-0.14261492957058067,359.2064706770968,0.0,0.3460584878921509,0.0,0.0,0.0,0.0,0.0,0.0
53,1661000105.4768624,324.0,392.5,0.3,500.0,-23.5,-0.11993443603492923,365.8947629540824,0.0,0.3460584878921509,0.0,0.0,0.0,0.0,0.0,0.0
54,1661000105.480219,324.0,392.5,0.3,500.0,-23.5,-0.11993443603492923,365.8947629540824,0.0,0.3460584878921509,0.0,0.0,0.0,0.0,0.0,0.0
55,1661000105.4834573,324.0,392.5,0.3,500.0,-23.5,-0.11993443603492923,365.8947629540824,0.0,0.3460584878921509,0.0,0.0,0.0,0.0,0.0,0.0
56,1661000105.4923093,322.5,396.5,0.3,500.0,-29.0,-0.14763587252075236,358.0090440355873,0.0,0.3460584878921509,0.0,0.0,0.0,0.0,0.0,0.0
57,1661000105.5000896,321.5,394.5,0.3,500.0,-28.0,-0.14261492957058067,358.3509194561953,0.0,0.3460584878921509,0.0,0.0,0.0,0.0,0.0,0.0
58,1661000105.518936,321.5,394.5,0.3,500.0,-28.0,-0.14261492957058067,358.3509194561953,0.0,0.3460584878921509,0.0,0.0,0.0,0.0,0.0,0.0
59,1661000105.5319166,321.5,394.5,0.3,500.0,-28.0,-0.14261492957058067,358.3509194561953,0.0,0.3460584878921509,0.0,0.0,0.0,0.0,0.0,0.0
60,1661000105.572248,321.5,394.5,0.3,500.0,-28.0,-0.14261492957058067,358.3509194561953,0.0,0.2691566050052643,0.0,0.0,0.0,0.0,0.0,0.0
61,1661000105.5952902,323.0,391.0,0.3,500.0,-23.0,-0.11740627505496065,365.63022198317765,0.0,0.2691566050052643,0.0,0.0,0.0,0.0,0.0,0.0
62,1661000105.6503592,323.0,391.0,0.3,500.0,-23.0,-0.11740627505496065,365.63022198317765,0.0,0.3076075315475464,0.0,0.0,0.0,0.0,0.0,0.0
63,1661000105.6584225,323.5,391.0,0.3,500.0,-22.5,-0.11487660541689913,366.6630215404191,0.0,0.3076075315475464,0.0,0.0,0.0,0.0,0.0,0.0
64,1661000105.6728933,323.5,391.0,0.3,500.0,-22.5,-0.11487660541689913,366.6630215404191,0.0,0.32683297991752625,0.0,0.0,0.0,0.0,0.0,0.0
65,1661000105.675553,324.0,385.0,0.3,500.0,-16.0,-0.08186788792469124,374.89830033230413,0.0,0.32683297991752625,0.0,0.0,0.0,0.0,0.0,0.0
66,1661000105.6999462,324.0,385.0,0.3,500.0,-16.0,-0.08186788792469124,374.89830033230413,0.0,0.32683297991752625,0.0,0.0,0.0,0.0,0.0,0.0
67,1661000105.757699,327.5,385.0,0.3,500.0,-12.5,-0.06401497783434404,382.1866937753136,0.0,0.32683297991752625,0.0,0.0,0.0,0.0,0.0,0.0
68,1661000105.7819998,330.0,383.0,0.3,500.0,-8.0,-0.041002647445327445,389.8173108919138,0.0,0.32683297991752625,0.0,0.0,0.0,0.0,0.0,0.0
69,1661000105.801838,330.0,383.0,0.3,500.0,-8.0,-0.041002647445327445,389.8173108919138,0.0,0.36528393626213074,0.0,0.0,0.0,0.0,0.0,0.0
70,1661000105.8049011,328.5,381.0,0.3,500.0,-7.5,-0.03844259002118798,389.07582808496335,0.0,0.36528393626213074,0.0,0.0,0.0,0.0,0.0,0.0
71,1661000105.8185868,328.5,381.0,0.3,500.0,-7.5,-0.03844259002118798,389.07582808496335,0.0,0.36528393626213074,0.0,0.0,0.0,0.0,0.0,0.0
72,1661000105.843255,328.5,378.5,0.3,500.0,-5.0,-0.02563540852167748,392.06331241329997,0.0,0.36528393626213074,0.0,0.0,0.0,0.0,0.0,0.0
73,1661000105.8515708,328.5,378.5,0.3,500.0,-5.0,-0.02563540852167748,392.06331241329997,0.0,0.36528393626213074,0.0,0.0,0.0,0.0,0.0,0.0
74,1661000105.8816226,328.5,377.0,0.3,500.0,-3.5,-0.017946790889285334,393.8501613712697,0.0,0.40373489260673523,0.0,0.0,0.0,0.0,0.0,0.0
75,1661000105.890027,334.5,376.0,0.2771856278067233,500.0,3.5,0.017946790889285334,407.60479073109224,0.0,0.40373489260673523,0.0,0.0,0.0,0.0,0.0,0.0
76,1661000105.9254763,334.5,376.0,0.2771856278067233,500.0,3.5,0.017946790889285334,407.60479073109224,0.0,0.44218581914901733,0.0,0.0,0.0,0.0,0.0,0.0
77,1661000105.9286075,334.5,372.5,0.2648259010257271,500.0,7.0,0.03588202835315739,411.72469965809097,0.0,0.44218581914901733,0.0,0.0,0.0,0.0,0.0,0.0
78,1661000105.9535038,333.0,372.5,0.27423744014847257,500.0,5.5,0.028197652438223184,408.58751995050915,0.0,0.44218581914901733,0.0,0.0,0.0,0.0,0.0,0.0
79,1661000105.956936,333.0,372.5,0.27423744014847257,500.0,5.5,0.028197652438223184,408.58751995050915,0.0,0.44218581914901733,0.0,0.0,0.0,0.0,0.0,0.0
80,1661000105.9702957,333.0,372.5,0.27423744014847257,500.0,5.5,0.028197652438223184,408.58751995050915,0.0,0.44218581914901733,0.0,0.0,0.0,0.0,0.0,0.0
81,1661000105.978328,333.0,372.5,0.27423744014847257,500.0,5.5,0.028197652438223184,408.58751995050915,0.0,0.44218581914901733,0.0,0.0,0.0,0.0,0.0,0.0
82,1661000105.9873068,333.0,372.5,0.27423744014847257,500.0,5.5,0.028197652438223184,408.58751995050915,0.0,0.4614112675189972,0.0,0.0,0.0,0.0,0.0,0.0
83,1661000106.001975,334.0,370.5,0.26095051114824874,500.0,8.5,0.04356216722816964,413.0164962839171,0.0,0.4614112675189972,0.0,0.0,0.0,0.0,0.0,0.0
84,1661000106.0156572,339.0,367.0,0.21762160335940509,500.0,17.0,0.08695962656792519,427.459465546865,0.0,0.4614112675189972,0.0,0.0,0.0,0.0,0.0,0.0
85,1661000106.0349889,339.0,367.0,0.21762160335940509,500.0,17.0,0.08695962656792519,427.459465546865,0.0,0.4614112675189972,0.0,0.0,0.0,0.0,0.0,0.0
86,1661000106.0541925,339.0,367.0,0.21762160335940509,500.0,17.0,0.08695962656792519,427.459465546865,0.0,0.4806367754936218,0.0,0.0,0.0,0.0,0.0,0.0
87,1661000106.073178,341.5,365.0,0.1953405304965729,500.0,21.5,0.10981286449304516,434.8864898344757,0.0,0.4806367754936218,0.0,0.0,0.0,0.0,0.0,0.0
88,1661000106.1288798,341.5,365.0,0.1953405304965729,500.0,21.5,0.10981286449304516,434.8864898344757,0.0,0.5190876722335815,0.0,0.0,0.0,0.0,0.0,0.0
89,1661000106.1321635,348.0,363.0,0.0,500.0,30.0,0.15264932839526515,450.39247749466665,0.0,0.5190876722335815,0.0,0.0,0.0,0.0,0.0,0.0
90,1661000106.1777365,348.0,363.0,0.0,500.0,30.0,0.15264932839526515,450.39247749466665,0.01922547072172165,0.5190876722335815,0.0,0.0,0.0,0.0,0.0,0.0
91,1661000106.1916354,347.5,358.0,0.0,500.0,34.5,0.1751109879225975,454.6810999172144,0.01922547072172165,0.5190876722335815,0.0,0.0,0.0,0.0,0.0,0.0
92,1661000106.200245,347.5,358.0,0.0,500.0,34.5,0.1751109879225975,454.6810999172144,0.01922547072172165,0.5190876722335815,0.0,0.0,0.0,0.0,0.0,0.0
93,1661000106.2397776,350.5,358.0,0.0,500.0,37.5,0.18998828791871572,460.67299494963027,0.01922547072172165,0.5190876722335815,0.0,0.0,0.0,0.0,0.0,0.0
94,1661000106.2636516,354.5,355.5,0.0,500.0,44.0,0.22192449595683528,471.0480082320597,0.0769018828868866,0.5383132100105286,0.0,0.0,0.0,0.0,0.0,0.0
95,1661000106.3044193,354.5,354.0,0.0,500.0,45.5,0.22923193327699531,472.49899327094147,0.1538037657737732,0.5383132100105286,0.0,0.0,0.0,0.0,0.0,0.0
96,1661000106.3231041,355.5,354.0,0.0,500.0,46.5,0.23408980130562637,474.4309936262667,0.1538037657737732,0.5383132100105286,0.0,0.0,0.0,0.0,0.0,0.0
97,1661000106.3263054,355.5,354.5,0.0,500.0,46.0,0.23166225901704268,473.9536087307471,0.1538037657737732,0.5383132100105286,0.0,0.0,0.0,0.0,0.0,0.0
98,1661000106.366663,355.5,354.5,0.0,500.0,46.0,0.23166225901704268,473.9536087307471,0.24993112683296204,0.5383132100105286,0.0,0.0,0.0,0.0,0.0,0.0
99,1661000106.3801465,361.5,353.0,0.0,500.0,53.5,0.2677701568547814,486.76166376894054,0.24993112683296204,0.5383132100105286,0.0,0.0,0.0,0.0,0.0,0.0
100,1661000106.3930876,361.5,353.0,0.0,500.0,53.5,0.2677701568547814,486.76166376894054,0.24993112683296204,0.5383132100105286,0.0,0.0,0.0,0.0,0.0,0.0
101,1661000106.4221632,361.5,353.0,0.0,500.0,53.5,0.2677701568547814,486.76166376894054,0.24993112683296204,0.5383132100105286,0.0,0.0,0.0,0.0,0.0,0.0
102,1661000106.4383612,364.5,345.5,0.0,500.0,64.0,0.3171280911719838,498.48851125329696,0.2691566050052643,0.4998622536659241,0.0,0.0,0.0,0.0,0.0,0.0
103,1661000106.4534328,364.5,345.5,0.0,500.0,64.0,0.3171280911719838,498.48851125329696,0.2691566050052643,0.4998622536659241,0.0,0.0,0.0,0.0,0.0,0.0
104,1661000106.4621692,364.5,345.5,0.0,500.0,64.0,0.3171280911719838,498.48851125329696,0.2691566050052643,0.4998622536659241,0.0,0.0,0.0,0.0,0.0,0.0
105,1661000106.4874003,364.5,345.5,0.0,500.0,64.0,0.3171280911719838,498.48851125329696,0.28838205337524414,0.5767641067504883,0.0,0.0,0.0,0.0,0.0,0.0
106,1661000106.5171194,369.0,350.5,0.0,500.0,63.5,0.31481157555990014,502.55750901562203,0.28838205337524414,0.5767641067504883,0.0,0.0,0.0,0.0,0.0,0.0
107,1661000106.5352309,369.0,350.5,0.0,500.0,63.5,0.31481157555990014,502.55750901562203,0.28838205337524414,0.5767641067504883,0.0,0.0,0.0,0.0,0.0,0.0
108,1661000106.554051,369.0,350.5,0.0,500.0,63.5,0.31481157555990014,502.55750901562203,0.28838205337524414,0.5383132100105286,0.0,0.0,0.0,0.0,0.0,0.0
109,1661000106.5732062,367.5,347.0,0.0,500.0,65.5,0.3240564688338111,502.61768635543484,0.24993112683296204,0.5383132100105286,0.0,0.0,0.0,0.0,0.0,0.0
110,1661000106.6076047,371.0,347.0,0.0,500.0,69.0,0.34009711950976246,508.6894756981005,0.24993112683296204,0.5383132100105286,0.0,0.0,0.0,0.0,0.0,0.0
111,1661000106.637368,369.5,346.5,0.0,500.0,68.0,0.33553222390589404,506.4715043531603,0.28838205337524414,0.5767641067504883,0.0,0.0,0.0,0.0,0.0,0.0
112,1661000106.6721613,372.5,346.5,0.0,500.0,71.0,0.34918269561499105,511.60030985625525,0.28838205337524414,0.5767641067504883,0.0,0.0,0.0,0.0,0.0,0.0
113,1661000106.6973667,372.5,347.0,0.0,500.0,70.5,0.3469168647939388,511.25010832989244,0.3076075315475464,0.557538628578186,0.0,0.0,0.0,0.0,0.0,0.0
114,1661000106.7002945,380.5,345.5,0.0,500.0,80.0,0.3893167218331408,525.3481220526655,0.3076075315475464,0.557538628578186,0.0,0.0,0.0,0.0,0.0,0.0
115,1661000106.7513425,380.5,345.5,0.0,500.0,80.0,0.3893167218331408,525.3481220526655,0.3460584878921509,0.557538628578186,0.0,0.0,0.0,0.0,0.0,0.0
116,1661000106.7804654,385.5,343.5,0.0,500.0,87.0,0.41965086213510383,534.0983352975638,0.3460584878921509,0.557538628578186,0.0,0.0,0.0,0.0,0.0,0.0
117,1661000106.7882214,385.5,343.5,0.0,500.0,87.0,0.41965086213510383,534.0983352975638,0.3460584878921509,0.557538628578186,0.0,0.0,0.0,0.0,0.0,0.0
118,1661000106.8135095,385.5,343.5,0.0,500.0,87.0,0.41965086213510383,534.0983352975638,0.40373489260673523,0.557538628578186,0.0,0.0,0.0,0.0,0.0,0.0
119,1661000106.816621,388.5,345.5,0.0,500.0,88.0,0.4239195693783245,537.579417999673,0.40373489260673523,0.557538628578186,0.0,0.0,0.0,0.0,0.0,0.0
120,1661000106.8191967,388.5,345.5,0.0,500.0,88.0,0.4239195693783245,537.579417999673,0.40373489260673523,0.557538628578186,0.0,0.0,0.0,0.0,0.0,0.0
121,1661000106.827065,388.5,345.5,0.0,500.0,88.0,0.4239195693783245,537.579417999673,0.40373489260673523,0.557538628578186,0.0,0.0,0.0,0.0,0.0,0.0
122,1661000106.8285813,388.5,345.5,0.0,500.0,88.0,0.4239195693783245,537.579417999673,0.40373489260673523,0.557538628578186,0.0,0.0,0.0,0.0,0.0,0.0
123,1661000106.841004,388.5,345.5,0.0,500.0,88.0,0.4239195693783245,537.579417999673,0.40373489260673523,0.557538628578186,0.0,0.0,0.0,0.0,0.0,0.0
124,1661000106.8442824,388.5,345.5,0.0,500.0,88.0,0.4239195693783245,537.579417999673,0.40373489260673523,0.557538628578186,0.0,0.0,0.0,0.0,0.0,0.0
125,1661000106.882522,388.5,345.5,0.0,500.0,88.0,0.4239195693783245,537.579417999673,0.4614112675189972,0.557538628578186,0.0,0.0,0.0,0.0,0.0,0.0
126,1661000106.8911948,393.5,343.5,0.0,500.0,95.0,0.4533386958545628,545.551458968255,0.4614112675189972,0.557538628578186,0.0,0.0,0.0,0.0,0.0,0.0
127,1661000106.9155822,393.5,343.5,0.0,500.0,95.0,0.4533386958545628,545.551458968255,0.4614112675189972,0.557538628578186,0.0,0.0,0.0,0.0,0.0,0.0
128,1661000106.9238577,393.5,343.5,0.0,500.0,95.0,0.4533386958545628,545.551458968255,0.4614112675189972,0.557538628578186,0.0,0.0,0.0,0.0,0.0,0.0
129,1661000106.9435766,393.5,343.5,0.0,500.0,95.0,0.4533386958545628,545.551458968255,0.5383132100105286,0.557538628578186,0.0,0.0,0.0,0.0,0.0,0.0
130,1661000106.9520168,399.5,344.5,-0.15970366350615053,500.0,100.0,0.47385133649476036,553.2345545020502,0.5383132100105286,0.557538628578186,0.0,0.0,0.0,0.0,0.0,0.0
131,1661000107.0030396,402.0,344.5,-0.16930458323785888,500.0,102.5,0.4839493878600245,556.4348610792863,0.5383132100105286,0.4806367754936218,0.0,0.0,0.0,0.0,0.0,0.0
132,1661000107.021226,402.0,344.5,-0.16930458323785888,500.0,102.5,0.4839493878600245,556.4348610792863,0.5383132100105286,0.4806367754936218,0.0,0.0,0.0,0.0,0.0,0.0
133,1661000107.0242105,402.0,344.5,-0.16930458323785888,500.0,102.5,0.4839493878600245,556.4348610792863,0.5383132100105286,0.4806367754936218,0.0,0.0,0.0,0.0,0.0,0.0
134,1661000107.053121,402.0,344.5,-0.16930458323785888,500.0,102.5,0.4839493878600245,556.4348610792863,0.5383132100105286,0.4806367754936218,0.0,0.0,0.0,0.0,0.0,0.0
135,1661000107.061252,404.5,344.5,-0.17861792284079706,500.0,105.0,0.49394136891958124,559.539307613599,0.5383132100105286,0.4806367754936218,0.0,0.0,0.0,0.0,0.0,0.0
136,1661000107.064977,404.5,344.5,-0.17861792284079706,500.0,105.0,0.49394136891958124,559.539307613599,0.5383132100105286,0.4614112675189972,0.0,0.0,0.0,0.0,0.0,0.0
137,1661000107.0674312,405.0,343.0,-0.1813764888692027,500.0,107.0,0.5018583776831286,560.4588296230676,0.5383132100105286,0.4614112675189972,0.0,0.0,0.0,0.0,0.0,0.0
138,1661000107.0754693,405.0,343.0,-0.1813764888692027,500.0,107.0,0.5018583776831286,560.4588296230676,0.5383132100105286,0.4614112675189972,0.0,0.0,0.0,0.0,0.0,0.0
139,1661000107.0831382,408.0,344.0,-0.19142076912594574,500.0,109.0,0.5097071941268889,563.8069230419819,0.5383132100105286,0.4614112675189972,0.0,0.0,0.0,0.0,0.0,0.0
140,1661000107.0908644,408.0,344.0,-0.19142076912594574,500.0,109.0,0.5097071941268889,563.8069230419819,0.5383132100105286,0.4614112675189972,0.0,0.0,0.0,0.0,0.0,0.0
141,1661000107.1206317,408.0,344.0,-0.19142076912594574,500.0,109.0,0.5097071941268889,563.8069230419819,0.4998622536659241,0.4614112675189972,0.0,0.0,0.0,0.0,0.0,0.0
142,1661000107.140004,408.0,346.0,-0.1903424814126696,500.0,107.0,0.5018583776831286,563.4474938042232,0.4998622536659241,0.4614112675189972,0.0,0.0,0.0,0.0,0.0,0.0
143,1661000107.1542647,408.0,347.5,-0.1894175087327468,500.0,105.5,0.49592700858884664,563.1391695775823,0.4998622536659241,0.1538037657737732,0.0,0.0,0.0,0.0,0.0,0.0
144,1661000107.2004845,408.0,347.5,-0.1894175087327468,500.0,105.5,0.49592700858884664,563.1391695775823,0.557538628578186,-0.0,0.0,0.0,0.0,0.0,0.0,0.0
145,1661000107.234943,403.5,349.0,-0.1712332753001739,500.0,99.5,0.4718190307987457,557.0777584333913,0.557538628578186,-0.0,0.0,0.0,0.0,0.0,0.0,0.0
146,1661000107.2502666,403.5,349.0,-0.1712332753001739,500.0,99.5,0.4718190307987457,557.0777584333913,0.5959895849227905,-0.0,0.0,0.0,0.0,0.0,0.0,0.0
147,1661000107.2532346,403.0,354.0,-0.16400379670419193,500.0,94.0,0.44918580736606684,554.6679322347306,0.5959895849227905,-0.0,0.0,0.0,0.0,0.0,0.0,0.0
148,1661000107.2664099,403.0,354.0,-0.16400379670419193,500.0,94.0,0.44918580736606684,554.6679322347306,0.5959895849227905,-0.0,0.0,0.0,0.0,0.0,0.0,0.0
149,1661000107.2859683,400.5,354.0,-0.15345877413268033,500.0,91.5,0.43873064850750715,551.1529247108934,0.5959895849227905,-0.0,0.0,0.0,0.0,0.0,0.0,0.0
150,1661000107.3262315,400.5,354.0,-0.15345877413268033,500.0,91.5,0.43873064850750715,551.1529247108934,0.5767641067504883,-0.0,0.0,0.0,0.0,0.0,0.0,0.0
151,1661000107.3518765,394.5,357.0,0.0,500.0,82.5,0.40024065703397416,540.7540279639459,0.5767641067504883,-0.0,0.0,0.0,0.0,0.0,0.0,0.0
152,1661000107.3552117,394.5,357.0,0.0,500.0,82.5,0.40024065703397416,540.7540279639459,0.5767641067504883,-0.0,0.0,0.0,0.0,0.0,0.0,0.0
153,1661000107.3578608,394.5,357.0,0.0,500.0,82.5,0.40024065703397416,540.7540279639459,0.5767641067504883,-0.0,0.0,0.0,0.0,0.0,0.0,0.0
154,1661000107.3667886,394.5,357.0,0.0,500.0,82.5,0.40024065703397416,540.7540279639459,0.5767641067504883,-0.0,0.0,0.0,0.0,0.0,0.0,0.0
155,1661000107.368907,388.0,360.0,0.0,500.0,73.0,0.3582085567828397,528.4111537112913,0.6921169757843018,-0.0,0.0,0.0,0.0,0.0,0.0,0.0
156,1661000107.3972769,388.0,360.0,0.0,500.0,73.0,0.3582085567828397,528.4111537112913,0.6921169757843018,-0.0,0.0,0.0,0.0,0.0,0.0,0.0
157,1661000107.4225612,388.0,363.0,0.0,500.0,70.0,0.3446473156180262,526.3159026743706,0.6921169757843018,-0.0,0.0,0.0,0.0,0.0,0.0,0.0
158,1661000107.4415586,382.0,364.5,0.0,500.0,62.5,0.310168060787986,514.638341206841,0.6536659598350525,-0.0,0.0,0.0,0.0,0.0,0.0,0.0
159,1661000107.444431,382.0,364.5,0.0,500.0,62.5,0.310168060787986,514.638341206841,0.6536659598350525,-0.0,0.0,0.0,0.0,0.0,0.0,0.0
160,1661000107.468024,382.0,363.0,0.0,500.0,64.0,0.3171280911719838,515.834999515243,0.6536659598350525,-0.0,0.0,0.0,0.0,0.0,0.0,0.0
161,1661000107.4866052,382.0,363.0,0.0,500.0,64.0,0.3171280911719838,515.834999515243,0.6536659598350525,-0.0,0.0,0.0,0.0,0.0,0.0,0.0
162,1661000107.4901547,382.0,363.0,0.0,500.0,64.0,0.3171280911719838,515.834999515243,0.6536659598350525,-0.0,0.0,0.0,0.0,0.0,0.0,0.0
163,1661000107.4981785,382.0,363.0,0.0,500.0,64.0,0.3171280911719838,515.834999515243,0.6536659598350525,-0.0,0.0,0.0,0.0,0.0,0.0,0.0
164,1661000107.5378623,382.5,371.5,0.0,500.0,56.0,0.2796537543183254,509.6419432253692,0.7305678725242615,0.2307056337594986,0.0,0.0,0.0,0.0,0.0,0.0
165,1661000107.5418608,380.5,371.5,0.0,500.0,54.0,0.270153199711405,505.88961598274267,0.7305678725242615,0.2307056337594986,0.0,0.0,0.0,0.0,0.0,0.0
166,1661000107.5675888,380.5,371.5,0.0,500.0,54.0,0.270153199711405,505.88961598274267,0.711342453956604,0.40373489260673523,0.0,0.0,0.0,0.0,0.0,0.0
167,1661000107.6073992,378.5,374.5,0.0,500.0,49.0,0.24618493515939638,499.29077767285906,0.711342453956604,0.40373489260673523,0.0,0.0,0.0,0.0,0.0,0.0
168,1661000107.6646311,377.0,379.5,0.0,500.0,42.5,0.21459288149122355,491.4378152924914,0.711342453956604,0.40373489260673523,0.0,0.0,0.0,0.0,0.0,0.0
169,1661000107.6918926,377.0,379.5,0.0,500.0,42.5,0.21459288149122355,491.4378152924914,0.769018828868866,0.44218581914901733,0.0,0.0,0.0,0.0,0.0,0.0
170,1661000107.7215102,372.5,384.5,0.0,500.0,33.0,0.1676424378312157,477.1041695777081,0.769018828868866,0.44218581914901733,0.0,0.0,0.0,0.0,0.0,0.0
171,1661000107.741027,372.5,384.5,0.0,500.0,33.0,0.1676424378312157,477.1041695777081,0.7882443070411682,0.44218581914901733,0.0,0.0,0.0,0.0,0.0,0.0
172,1661000107.7818692,374.0,386.5,0.0,500.0,32.5,0.16514867741462685,477.99841015941166,0.7882443070411682,0.44218581914901733,0.0,0.0,0.0,0.0,0.0,0.0
173,1661000107.8009508,374.0,386.5,0.0,500.0,32.5,0.16514867741462685,477.99841015941166,0.7882443070411682,0.44218581914901733,0.0,0.0,0.0,0.0,0.0,0.0
174,1661000107.8106923,374.0,386.5,0.0,500.0,32.5,0.16514867741462685,477.99841015941166,0.7882443070411682,0.4806367754936218,0.0,0.0,0.0,0.0,0.0,0.0
175,1661000107.8404887,371.5,390.5,0.0,500.0,26.0,0.13255153229667402,468.36534890088035,0.8266952037811279,0.4806367754936218,0.0,0.0,0.0,0.0,0.0,0.0
176,1661000107.872054,371.5,390.5,0.0,500.0,26.0,0.13255153229667402,468.36534890088035,0.8459206819534302,0.4806367754936218,0.0,0.0,0.0,0.0,0.0,0.0
177,1661000107.8802834,366.5,393.0,0.0,500.0,18.5,0.09458868602956462,454.9794626786506,0.8459206819534302,0.4806367754936218,0.0,0.0,0.0,0.0,0.0,0.0
178,1661000107.92064,366.5,393.0,0.0,500.0,18.5,0.09458868602956462,454.9794626786506,0.8459206819534302,0.4806367754936218,0.0,0.0,0.0,0.0,0.0,0.0
179,1661000107.9232745,366.5,393.0,0.0,500.0,18.5,0.09458868602956462,454.9794626786506,0.8459206819534302,0.4806367754936218,0.0,0.0,0.0,0.0,0.0,0.0
180,1661000107.9535446,366.5,393.0,0.0,500.0,18.5,0.09458868602956462,454.9794626786506,0.8459206819534302,0.4998622536659241,0.0,0.0,0.0,0.0,0.0,0.0
181,1661000107.9568658,367.5,397.0,0.0,500.0,15.5,0.07932040565035252,452.3708844778279,0.8459206819534302,0.4998622536659241,0.0,0.0,0.0,0.0,0.0,0.0
182,1661000107.975204,367.5,397.0,0.0,500.0,15.5,0.07932040565035252,452.3708844778279,0.8459206819534302,0.4998622536659241,0.0,0.0,0.0,0.0,0.0,0.0
183,1661000107.9839406,367.5,397.0,0.0,500.0,15.5,0.07932040565035252,452.3708844778279,0.8459206819534302,0.4998622536659241,0.0,0.0,0.0,0.0,0.0,0.0
184,1661000108.0194724,367.5,397.0,0.0,500.0,15.5,0.07932040565035252,452.3708844778279,0.8651461601257324,0.5190876722335815,0.0,0.0,0.0,0.0,0.0,0.0
185,1661000108.0496879,364.5,406.5,0.19676983329869313,500.0,3.0,0.01538340178059515,434.4100555671023,0.8651461601257324,0.5190876722335815,0.0,0.0,0.0,0.0,0.0,0.0
186,1661000108.0585017,364.5,406.5,0.19676983329869313,500.0,3.0,0.01538340178059515,434.4100555671023,0.8651461601257324,0.5190876722335815,0.0,0.0,0.0,0.0,0.0,0.0
187,1661000108.0610929,363.0,406.5,0.20644185040850824,500.0,1.5,0.007692155975648833,431.1860498638306,0.8651461601257324,0.5190876722335815,0.0,0.0,0.0,0.0,0.0,0.0
188,1661000108.0636375,363.0,406.5,0.20644185040850824,500.0,1.5,0.007692155975648833,431.1860498638306,0.8651461601257324,0.5190876722335815,0.0,0.0,0.0,0.0,0.0,0.0
189,1661000108.0715563,364.5,406.5,0.19676983329869313,500.0,3.0,0.01538340178059515,434.4100555671023,0.8651461601257324,0.5190876722335815,0.0,0.0,0.0,0.0,0.0,0.0
190,1661000108.0953193,364.5,404.5,0.18937157322668377,500.0,5.0,0.02563540852167748,436.8761422577721,0.8651461601257324,0.5190876722335815,0.0,0.0,0.0,0.0,0.0,0.0
191,1661000108.1080375,364.5,404.5,0.18937157322668377,500.0,5.0,0.02563540852167748,436.8761422577721,0.8651461601257324,0.5190876722335815,0.0,0.0,0.0,0.0,0.0,0.0
192,1661000108.1591024,356.5,411.0,0.2651424241778743,500.0,-9.5,-0.048679460493940674,411.61919194070856,0.8651461601257324,0.5383132100105286,0.0,0.0,0.0,0.0,0.0,0.0
193,1661000108.1770322,356.5,411.0,0.2651424241778743,500.0,-9.5,-0.048679460493940674,411.61919194070856,0.8651461601257324,0.5383132100105286,0.0,0.0,0.0,0.0,0.0,0.0
194,1661000108.1851046,358.5,408.5,0.24290097456474577,500.0,-5.0,-0.02563540852167748,419.0330084784181,0.8651461601257324,0.5767641067504883,0.0,0.0,0.0,0.0,0.0,0.0
195,1661000108.199747,358.5,408.5,0.24290097456474577,500.0,-5.0,-0.02563540852167748,419.0330084784181,0.8651461601257324,0.5767641067504883,0.0,0.0,0.0,0.0,0.0,0.0
196,1661000108.223405,361.0,411.0,0.23615855054846624,500.0,-5.0,-0.02563540852167748,421.28048315051126,0.8651461601257324,0.5767641067504883,0.0,0.0,0.0,0.0,0.0,0.0
197,1661000108.255599,358.5,414.0,0.26356742430640817,500.0,-10.5,-0.05379420352984972,412.14419189786395,0.8074697852134705,0.5959895849227905,0.0,0.0,0.0,0.0,0.0,0.0
198,1661000108.2854362,358.5,414.0,0.26356742430640817,500.0,-10.5,-0.05379420352984972,412.14419189786395,0.8074697852134705,0.5959895849227905,0.0,0.0,0.0,0.0,0.0,0.0
199,1661000108.2887251,358.5,414.0,0.26356742430640817,500.0,-10.5,-0.05379420352984972,412.14419189786395,0.8074697852134705,0.5959895849227905,0.0,0.0,0.0,0.0,0.0,0.0
200,1661000108.296796,358.5,414.0,0.26356742430640817,500.0,-10.5,-0.05379420352984972,412.14419189786395,0.8074697852134705,0.5959895849227905,0.0,0.0,0.0,0.0,0.0,0.0
201,1661000108.2995777,358.5,414.0,0.26356742430640817,500.0,-10.5,-0.05379420352984972,412.14419189786395,0.8074697852134705,0.5959895849227905,0.0,0.0,0.0,0.0,0.0,0.0
202,1661000108.302183,358.5,414.0,0.26356742430640817,500.0,-10.5,-0.05379420352984972,412.14419189786395,0.8074697852134705,0.5959895849227905,0.0,0.0,0.0,0.0,0.0,0.0
203,1661000108.305575,358.5,414.0,0.26356742430640817,500.0,-10.5,-0.05379420352984972,412.14419189786395,0.8074697852134705,0.6536659598350525,0.0,0.0,0.0,0.0,0.0,0.0
204,1661000108.3086593,356.0,416.0,0.2871849241302775,500.0,-15.0,-0.07677189126977804,404.27169195657416,0.8074697852134705,0.6536659598350525,0.0,0.0,0.0,0.0,0.0,0.0
205,1661000108.3279653,356.0,416.0,0.2871849241302775,500.0,-15.0,-0.07677189126977804,404.27169195657416,0.8074697852134705,0.6536659598350525,0.0,0.0,0.0,0.0,0.0,0.0
206,1661000108.351625,356.0,415.5,0.28529794831456295,500.0,-14.5,-0.0742223772801276,404.9006838951457,0.8074697852134705,0.6536659598350525,0.0,0.0,0.0,0.0,0.0,0.0
207,1661000108.3762994,356.0,415.5,0.28529794831456295,500.0,-14.5,-0.0742223772801276,404.9006838951457,0.7305678725242615,0.6536659598350525,0.0,0.0,0.0,0.0,0.0,0.0
208,1661000108.4053586,357.5,417.5,0.28322280418062806,500.0,-15.0,-0.07677189126977804,405.5923986064573,0.7305678725242615,0.6536659598350525,0.0,0.0,0.0,0.0,0.0,0.0
209,1661000108.418368,360.0,417.5,0.26713640284291545,500.0,-12.5,-0.06401497783434404,410.95453238569485,0.7305678725242615,0.6536659598350525,0.0,0.0,0.0,0.0,0.0,0.0
210,1661000108.4211583,360.0,417.5,0.26713640284291545,500.0,-12.5,-0.06401497783434404,410.95453238569485,0.7305678725242615,0.6536659598350525,0.0,0.0,0.0,0.0,0.0,0.0
211,1661000108.4239795,360.0,417.5,0.26713640284291545,500.0,-12.5,-0.06401497783434404,410.95453238569485,0.7305678725242615,0.6536659598350525,0.0,0.0,0.0,0.0,0.0,0.0
212,1661000108.4381404,360.0,417.5,0.26713640284291545,500.0,-12.5,-0.06401497783434404,410.95453238569485,0.769018828868866,0.6536659598350525,0.0,0.0,0.0,0.0,0.0,0.0
213,1661000108.4732249,357.5,415.0,0.2737751348299266,500.0,-12.5,-0.06401497783434404,408.7416217233578,0.769018828868866,0.7882443070411682,0.0,0.0,0.0,0.0,0.0,0.0
214,1661000108.496755,356.0,414.5,0.28152641386564936,500.0,-13.5,-0.06912048084718228,406.15786204478354,0.711342453956604,0.7882443070411682,0.0,0.0,0.0,0.0,0.0,0.0
215,1661000108.5095854,356.0,414.5,0.28152641386564936,500.0,-13.5,-0.06912048084718228,406.15786204478354,0.711342453956604,0.7882443070411682,0.0,0.0,0.0,0.0,0.0,0.0
216,1661000108.5234149,359.0,418.5,0.2773652334305676,500.0,-14.5,-0.0742223772801276,407.5449221898108,0.711342453956604,0.769018828868866,0.0,0.0,0.0,0.0,0.0,0.0
217,1661000108.526237,359.0,418.5,0.2773652334305676,500.0,-14.5,-0.0742223772801276,407.5449221898108,0.711342453956604,0.769018828868866,0.0,0.0,0.0,0.0,0.0,0.0
218,1661000108.5285625,359.0,418.5,0.2773652334305676,500.0,-14.5,-0.0742223772801276,407.5449221898108,0.711342453956604,0.769018828868866,0.0,0.0,0.0,0.0,0.0,0.0
219,1661000108.5667057,359.0,418.5,0.2773652334305676,500.0,-14.5,-0.0742223772801276,407.5449221898108,0.6921169757843018,0.7882443070411682,0.0,0.0,0.0,0.0,0.0,0.0
220,1661000108.586058,357.5,418.5,0.28700746607401434,500.0,-16.0,-0.08186788792469124,404.3308446419952,0.6921169757843018,0.7882443070411682,0.0,0.0,0.0,0.0,0.0,0.0
221,1661000108.5999615,357.5,418.5,0.28700746607401434,500.0,-16.0,-0.08186788792469124,404.3308446419952,0.6921169757843018,0.7882443070411682,0.0,0.0,0.0,0.0,0.0,0.0
222,1661000108.6298563,357.5,418.5,0.28700746607401434,500.0,-16.0,-0.08186788792469124,404.3308446419952,0.7497933506965637,0.9035971760749817,0.0,0.0,0.0,0.0,0.0,0.0
223,1661000108.6323736,358.0,416.0,0.27433656430082626,500.0,-13.0,-0.06656816377582381,408.55447856639125,0.7497933506965637,0.9035971760749817,0.0,0.0,0.0,0.0,0.0,0.0
224,1661000108.66179,358.0,416.0,0.27433656430082626,500.0,-13.0,-0.06656816377582381,408.55447856639125,0.7497933506965637,0.9035971760749817,0.0,0.0,0.0,0.0,0.0,0.0
225,1661000108.685577,359.0,415.0,0.26412193798651085,500.0,-11.0,-0.056350535712642154,411.9593540044964,0.711342453956604,0.9035971760749817,0.0,0.0,0.0,0.0,0.0,0.0
226,1661000108.698721,361.0,414.5,0.24933898288183706,500.0,-8.5,-0.04356216722816964,416.8870057060543,0.711342453956604,0.8459206819534302,0.0,0.0,0.0,0.0,0.0,0.0
227,1661000108.7177715,361.0,414.5,0.24933898288183706,500.0,-8.5,-0.04356216722816964,416.8870057060543,0.711342453956604,0.8459206819534302,0.0,0.0,0.0,0.0,0.0,0.0
228,1661000108.7201476,361.0,414.5,0.24933898288183706,500.0,-8.5,-0.04356216722816964,416.8870057060543,0.711342453956604,0.8459206819534302,0.0,0.0,0.0,0.0,0.0,0.0
229,1661000108.7386265,361.0,414.5,0.24933898288183706,500.0,-8.5,-0.04356216722816964,416.8870057060543,0.769018828868866,0.8459206819534302,0.0,0.0,0.0,0.0,0.0,0.0
230,1661000108.755211,360.0,414.5,0.2557896226830667,500.0,-9.5,-0.048679460493940674,414.7367924389778,0.769018828868866,0.8459206819534302,0.0,0.0,0.0,0.0,0.0,0.0
231,1661000108.768217,360.0,412.0,0.24636743120130672,500.0,-7.0,-0.03588202835315739,417.87752293289776,0.769018828868866,0.9228225350379944,0.0,0.0,0.0,0.0,0.0,0.0
232,1661000108.807655,360.0,412.0,0.24636743120130672,500.0,-7.0,-0.03588202835315739,417.87752293289776,0.769018828868866,0.9612735509872437,0.0,0.0,0.0,0.0,0.0,0.0
233,1661000108.8614247,359.5,412.0,0.24959078698211756,500.0,-7.5,-0.03844259002118798,416.8030710059608,0.7882443070411682,0.9612735509872437,0.0,0.0,0.0,0.0,0.0,0.0
234,1661000108.8849843,359.5,409.5,0.24020400495823402,500.0,-5.0,-0.02563540852167748,419.93199834725533,0.7497933506965637,0.9035971760749817,0.0,0.0,0.0,0.0,0.0,0.0
235,1661000108.9246368,359.5,409.0,0.23833134936869563,500.0,-4.5,-0.02307282789014392,420.55621687710146,0.7497933506965637,0.9035971760749817,0.0,0.0,0.0,0.0,0.0,0.0
236,1661000108.9602394,364.0,408.5,0.20743503062794208,500.0,0.5,0.002564096944789723,430.854989790686,0.7497933506965637,0.9420480728149414,0.0,0.0,0.0,0.0,0.0,0.0
237,1661000108.9944446,364.0,408.5,0.20743503062794208,500.0,0.5,0.002564096944789723,430.854989790686,0.769018828868866,0.9420480728149414,0.0,0.0,0.0,0.0,0.0,0.0
238,1661000109.0125675,365.5,407.0,0.1921742090940041,500.0,3.5,0.017946790889285334,435.94193030199864,0.769018828868866,0.9420480728149414,0.0,0.0,0.0,0.0,0.0,0.0
239,1661000109.02061,363.5,405.5,0.19950952704650887,500.0,3.0,0.01538340178059515,433.4968243178304,0.769018828868866,0.9420480728149414,0.0,0.0,0.0,0.0,0.0,0.0
240,1661000109.0221765,363.5,405.5,0.19950952704650887,500.0,3.0,0.01538340178059515,433.4968243178304,0.769018828868866,0.9420480728149414,0.0,0.0,0.0,0.0,0.0,0.0
241,1661000109.0236416,363.5,405.5,0.19950952704650887,500.0,3.0,0.01538340178059515,433.4968243178304,0.769018828868866,0.9420480728149414,0.0,0.0,0.0,0.0,0.0,0.0
242,1661000109.040867,363.5,405.5,0.19950952704650887,500.0,3.0,0.01538340178059515,433.4968243178304,0.769018828868866,0.9420480728149414,0.0,0.0,0.0,0.0,0.0,0.0
243,1661000109.059319,363.5,405.5,0.19950952704650887,500.0,3.0,0.01538340178059515,433.4968243178304,0.769018828868866,0.9420480728149414,0.0,0.0,0.0,0.0,0.0,0.0
244,1661000109.0884438,368.0,405.5,0.17051292944783775,500.0,7.5,0.03844259002118798,443.16235685072076,0.769018828868866,0.9420480728149414,0.0,0.0,0.0,0.0,0.0,0.0
245,1661000109.138726,368.0,406.5,0.17419791364729378,500.0,6.5,0.033320995878247196,441.9340287842354,0.7882443070411682,1.0189498662948608,0.0,0.0,0.0,0.0,0.0,0.0
246,1661000109.172384,369.0,406.5,0.16775002769463215,500.0,7.5,0.03844259002118798,444.0833241017893,0.7882443070411682,1.0189498662948608,0.0,0.0,0.0,0.0,0.0,0.0
247,1661000109.2193744,368.0,401.0,0.1540801888927282,500.0,12.0,0.06146095588276595,448.63993703575727,0.769018828868866,0.9804990291595459,0.0,0.0,0.0,0.0,0.0,0.0
248,1661000109.270813,368.5,402.5,0.15631940444903022,500.0,11.0,0.056350535712642154,447.89353185032326,0.769018828868866,0.9612735509872437,0.0,0.0,0.0,0.0,0.0,0.0
249,1661000109.3205714,368.5,403.0,0.15814030409175467,500.0,10.5,0.05379420352984972,447.28656530274844,0.8074697852134705,0.9997245073318481,0.0,0.0,0.0,0.0,0.0,0.0
250,1661000109.3326557,374.5,404.5,0.0,500.0,15.0,0.07677189126977804,458.3085905536331,0.8074697852134705,0.9997245073318481,0.0,0.0,0.0,0.0,0.0,0.0
251,1661000109.3565617,374.5,401.5,0.0,500.0,18.0,0.09204684886340674,461.8970554860622,0.8074697852134705,0.9997245073318481,0.0,0.0,0.0,0.0,0.0,0.0
252,1661000109.3595471,374.5,401.5,0.0,500.0,18.0,0.09204684886340674,461.8970554860622,0.8074697852134705,0.9997245073318481,0.0,0.0,0.0,0.0,0.0,0.0
253,1661000109.3682706,374.5,401.5,0.0,500.0,18.0,0.09204684886340674,461.8970554860622,0.7882443070411682,0.9997245073318481,0.0,0.0,0.0,0.0,0.0,0.0
254,1661000109.3882265,375.0,400.5,0.0,500.0,19.5,0.09966865249116202,464.14336223238195,0.7882443070411682,0.9997245073318481,0.0,0.0,0.0,0.0,0.0,0.0
255,1661000109.4080653,377.5,400.5,0.0,500.0,22.0,0.11234545817437695,469.4374232454853,0.7882443070411682,0.9997245073318481,0.0,0.0,0.0,0.0,0.0,0.0
256,1661000109.4164782,377.5,400.5,0.0,500.0,22.0,0.11234545817437695,469.4374232454853,0.7882443070411682,0.9997245073318481,0.0,0.0,0.0,0.0,0.0,0.0
257,1661000109.4195423,377.5,400.5,0.0,500.0,22.0,0.11234545817437695,469.4374232454853,0.7882443070411682,0.9997245073318481,0.0,0.0,0.0,0.0,0.0,0.0
258,1661000109.4442403,377.5,400.5,0.0,500.0,22.0,0.11234545817437695,469.4374232454853,0.8074697852134705,0.9997245073318481,0.0,0.0,0.0,0.0,0.0,0.0
259,1661000109.4934523,379.0,399.0,0.0,500.0,25.0,0.12750955821523827,474.3416490252569,0.8074697852134705,0.9997245073318481,0.0,0.0,0.0,0.0,0.0,0.0
260,1661000109.5119607,379.0,399.0,0.0,500.0,25.0,0.12750955821523827,474.3416490252569,0.769018828868866,0.9612735509872437,0.0,0.0,0.0,0.0,0.0,0.0
261,1661000109.5194473,382.5,399.5,0.0,500.0,28.0,0.14261492957058067,481.10597634816304,0.769018828868866,0.9612735509872437,0.0,0.0,0.0,0.0,0.0,0.0
262,1661000109.5587745,382.5,399.5,0.0,500.0,28.0,0.14261492957058067,481.10597634816304,0.769018828868866,0.9612735509872437,0.0,0.0,0.0,0.0,0.0,0.0
263,1661000109.5727584,383.5,398.0,0.0,500.0,30.5,0.15515317524296215,484.8839793438373,0.8266952037811279,0.9997245073318481,0.0,0.0,0.0,0.0,0.0,0.0
264,1661000109.612221,384.5,396.0,0.0,500.0,33.5,0.17013409518873307,489.1727113870191,0.8266952037811279,0.9997245073318481,0.0,0.0,0.0,0.0,0.0,0.0
265,1661000109.649548,389.5,397.5,0.0,500.0,37.0,0.18751445852181417,497.7947615560645,0.769018828868866,0.9612735509872437,0.0,0.0,0.0,0.0,0.0,0.0
266,1661000109.668809,389.5,397.5,0.0,500.0,37.0,0.18751445852181417,497.7947615560645,0.769018828868866,0.9612735509872437,0.0,0.0,0.0,0.0,0.0,0.0
267,1661000109.676034,389.5,397.5,0.0,500.0,37.0,0.18751445852181417,497.7947615560645,0.769018828868866,0.9612735509872437,0.0,0.0,0.0,0.0,0.0,0.0
268,1661000109.6901305,389.5,397.5,0.0,500.0,37.0,0.18751445852181417,497.7947615560645,0.8459206819534302,1.0189498662948608,0.0,0.0,0.0,0.0,0.0,0.0
269,1661000109.7085774,387.5,398.5,0.0,500.0,34.0,0.17262362124769967,492.6047091102301,0.8459206819534302,1.0189498662948608,0.0,0.0,0.0,0.0,0.0,0.0
270,1661000109.7489848,387.5,398.5,0.0,500.0,34.0,0.17262362124769967,492.6047091102301,0.8459206819534302,1.0189498662948608,0.0,0.0,0.0,0.0,0.0,0.0
271,1661000109.7568405,391.0,399.0,0.0,500.0,37.0,0.18751445852181417,499.24224934335416,0.8459206819534302,1.0189498662948608,0.0,0.0,0.0,0.0,0.0,0.0
272,1661000109.7754052,391.0,399.0,0.0,500.0,37.0,0.18751445852181417,499.24224934335416,0.8266952037811279,0.9997245073318481,0.0,0.0,0.0,0.0,0.0,0.0
273,1661000109.7894242,391.5,399.0,0.0,500.0,37.5,0.18998828791871572,500.26324104897776,0.8266952037811279,0.9997245073318481,0.0,0.0,0.0,0.0,0.0,0.0
274,1661000109.8122566,391.5,399.0,0.0,500.0,37.5,0.18998828791871572,500.26324104897776,0.8266952037811279,0.9997245073318481,0.0,0.0,0.0,0.0,0.0,0.0
275,1661000109.8351743,392.5,398.0,0.0,500.0,39.5,0.1998598229740838,503.36342287188677,0.8266952037811279,0.9997245073318481,0.0,0.0,0.0,0.0,0.0,0.0
276,1661000109.8479874,391.0,397.5,0.0,500.0,38.5,0.19492886529683395,500.8502861217964,0.8266952037811279,0.9997245073318481,0.0,0.0,0.0,0.0,0.0,0.0
277,1661000109.8661327,391.0,397.5,0.0,500.0,38.5,0.19492886529683395,500.8502861217964,0.8266952037811279,0.9997245073318481,0.0,0.0,0.0,0.0,0.0,0.0
278,1661000109.8950791,391.0,397.5,0.0,500.0,38.5,0.19492886529683395,500.8502861217964,1.4803612232208252,0.9997245073318481,0.0,0.0,0.0,0.0,0.0,0.0
279,1661000109.9293056,401.0,398.0,0.0,500.0,48.0,0.2413554905754038,520.3291828194469,1.4803612232208252,1.749517798423767,0.0,0.0,0.0,0.0,0.0,0.0
280,1661000109.9369347,403.5,399.5,0.0,500.0,49.0,0.24618493515939638,523.7558526413756,1.4803612232208252,1.749517798423767,0.0,0.0,0.0,0.0,0.0,0.0
281,1661000109.9404392,403.5,399.5,0.0,500.0,49.0,0.24618493515939638,523.7558526413756,1.4803612232208252,1.749517798423767,0.0,0.0,0.0,0.0,0.0,0.0
282,1661000109.943344,403.5,399.5,0.0,500.0,49.0,0.24618493515939638,523.7558526413756,1.4803612232208252,1.749517798423767,0.0,0.0,0.0,0.0,0.0,0.0
283,1661000109.9462526,403.5,399.5,0.0,500.0,49.0,0.24618493515939638,523.7558526413756,1.4803612232208252,1.749517798423767,0.0,0.0,0.0,0.0,0.0,0.0
284,1661000109.9586306,403.5,399.5,0.0,500.0,49.0,0.24618493515939638,523.7558526413756,1.4803612232208252,1.749517798423767,0.0,0.0,0.0,0.0,0.0,0.0
285,1661000109.9769864,403.5,399.5,0.0,500.0,49.0,0.24618493515939638,523.7558526413756,1.4803612232208252,1.749517798423767,0.0,0.0,0.0,0.0,0.0,0.0
286,1661000109.9896722,403.5,399.5,0.0,500.0,49.0,0.24618493515939638,523.7558526413756,1.4803612232208252,1.749517798423767,0.0,0.0,0.0,0.0,0.0,0.0
287,1661000110.019528,403.5,399.5,0.0,500.0,49.0,0.24618493515939638,523.7558526413756,1.0958518981933594,1.2304301261901855,0.0,0.0,0.0,0.0,0.0,0.0
288,1661000110.0495355,399.0,401.5,0.0,500.0,42.5,0.21459288149122355,512.8128004911307,1.0958518981933594,1.2304301261901855,0.0,0.0,0.0,0.0,0.0,0.0
289,1661000110.0790532,402.5,401.5,0.0,500.0,46.0,0.23166225901704268,519.8009647674279,0.8843716382980347,0.9228225350379944,0.0,0.0,0.0,0.0,0.0,0.0
290,1661000110.135552,403.5,401.0,0.0,500.0,47.5,0.23893644058616342,522.2778442130034,0.8651461601257324,0.8843716382980347,0.0,0.0,0.0,0.0,0.0,0.0
291,1661000110.1964815,407.5,405.5,0.0,500.0,47.0,0.23651453636043476,525.6861086651492,0.8074697852134705,0.8266952037811279,0.0,0.0,0.0,0.0,0.0,0.0
292,1661000110.2089608,404.0,405.5,0.0,500.0,43.5,0.21948327794149441,518.7098124117084,0.8074697852134705,0.8266952037811279,0.0,0.0,0.0,0.0,0.0,0.0
293,1661000110.2488241,408.0,405.5,0.0,500.0,47.5,0.23893644058616342,526.6746284821731,0.8074697852134705,0.8843716382980347,0.0,0.0,0.0,0.0,0.0,0.0
294,1661000110.278303,408.0,407.0,0.0,500.0,46.0,0.23166225901704268,525.1660808993798,0.8459206819534302,0.8843716382980347,0.0,0.0,0.0,0.0,0.0,0.0
295,1661000110.3078382,408.0,407.0,0.0,500.0,46.0,0.23166225901704268,525.1660808993798,0.8266952037811279,0.8843716382980347,0.0,0.0,0.0,0.0,0.0,0.0
296,1661000110.3211598,411.5,408.5,0.0,500.0,48.0,0.2413554905754038,530.5937915217701,0.8266952037811279,0.8843716382980347,0.0,0.0,0.0,0.0,0.0,0.0
297,1661000110.3553975,414.0,408.5,0.0,500.0,50.5,0.25340712097367657,535.50097193348,0.8266952037811279,0.8843716382980347,0.0,0.0,0.0,0.0,0.0,0.0
298,1661000110.3901486,412.0,408.5,0.0,500.0,48.5,0.24377166310950316,531.5796208005687,0.8459206819534302,0.8651461601257324,0.0,0.0,0.0,0.0,0.0,0.0
299,1661000110.4084725,412.0,408.5,0.0,500.0,48.5,0.24377166310950316,531.5796208005687,0.8459206819534302,0.8651461601257324,0.0,0.0,0.0,0.0,0.0,0.0
300,1661000110.4466364,412.0,408.5,0.0,500.0,48.5,0.24377166310950316,531.5796208005687,0.8459206819534302,0.8651461601257324,0.0,0.0,0.0,0.0,0.0,0.0
301,1661000110.454101,412.0,408.5,0.0,500.0,48.5,0.24377166310950316,531.5796208005687,0.8459206819534302,0.8651461601257324,0.0,0.0,0.0,0.0,0.0,0.0
302,1661000110.4895918,414.0,410.0,0.0,500.0,49.0,0.24618493515939638,534.0311841281524,0.8651461601257324,0.8843716382980347,0.0,0.0,0.0,0.0,0.0,0.0
303,1661000110.5028691,414.5,412.0,0.0,500.0,47.5,0.23893644058616342,533.0255390931961,0.8459206819534302,0.8266952037811279,0.0,0.0,0.0,0.0,0.0,0.0
304,1661000110.5318494,415.0,412.0,0.0,500.0,48.0,0.2413554905754038,534.0153277558778,0.8459206819534302,0.8266952037811279,0.0,0.0,0.0,0.0,0.0,0.0
305,1661000110.5396588,415.0,412.0,0.0,500.0,48.0,0.2413554905754038,534.0153277558778,0.8459206819534302,0.8266952037811279,0.0,0.0,0.0,0.0,0.0,0.0
306,1661000110.553053,415.0,412.0,0.0,500.0,48.0,0.2413554905754038,534.0153277558778,0.8459206819534302,0.8266952037811279,0.0,0.0,0.0,0.0,0.0,0.0
307,1661000110.5565073,415.0,412.0,0.0,500.0,48.0,0.2413554905754038,534.0153277558778,0.8459206819534302,0.8266952037811279,0.0,0.0,0.0,0.0,0.0,0.0
308,1661000110.596429,418.5,414.5,0.0,500.0,49.0,0.24618493515939638,538.4348976224854,0.8843716382980347,0.8651461601257324,0.0,0.0,0.0,0.0,0.0,0.0
309,1661000110.6470497,418.5,412.5,0.0,500.0,51.0,0.25580856461537194,540.3980103732661,0.8843716382980347,0.8651461601257324,0.0,0.0,0.0,0.0,0.0,0.0
310,1661000110.734127,417.5,415.0,0.0,500.0,47.5,0.23893644058616342,535.956728605976,0.9035971760749817,0.8651461601257324,0.0,0.0,0.0,0.0,0.0,0.0
311,1661000110.7486835,419.0,417.0,0.0,500.0,47.0,0.23651453636043476,536.9163101834813,0.9035971760749817,0.8651461601257324,0.0,0.0,0.0,0.0,0.0,0.0
312,1661000110.7837987,422.5,418.0,0.0,500.0,49.5,0.2485952838864095,542.8462445907887,0.9035971760749817,0.8651461601257324,0.0,0.0,0.0,0.0,0.0,0.0
313,1661000110.8035715,422.5,418.0,0.0,500.0,49.5,0.2485952838864095,542.8462445907887,0.9035971760749817,0.8651461601257324,0.0,0.0,0.0,0.0,0.0,0.0
314,1661000110.8175747,422.5,415.0,0.0,500.0,52.5,0.2629947316809195,545.7689676488598,0.9420480728149414,0.8651461601257324,0.0,0.0,0.0,0.0,0.0,0.0
315,1661000110.820771,423.5,416.5,0.0,500.0,52.0,0.26060239174734096,546.2704842366198,0.9420480728149414,0.8651461601257324,0.0,0.0,0.0,0.0,0.0,0.0
316,1661000110.828475,423.5,416.5,0.0,500.0,52.0,0.26060239174734096,546.2704842366198,0.9420480728149414,0.8651461601257324,0.0,0.0,0.0,0.0,0.0,0.0
317,1661000110.8316407,423.5,416.5,0.0,500.0,52.0,0.26060239174734096,546.2704842366198,0.9420480728149414,0.8651461601257324,0.0,0.0,0.0,0.0,0.0,0.0
318,1661000110.8709872,423.5,416.5,0.0,500.0,52.0,0.26060239174734096,546.2704842366198,0.9420480728149414,0.8843716382980347,0.0,0.0,0.0,0.0,0.0,0.0
319,1661000110.8945854,421.0,422.0,0.0,500.0,44.0,0.22192449595683528,535.7715333709914,0.9804990291595459,0.8843716382980347,0.0,0.0,0.0,0.0,0.0,0.0
320,1661000110.9130962,421.0,424.5,0.0,500.0,41.5,0.209692037940971,533.1194085208184,0.9804990291595459,0.8843716382980347,0.0,0.0,0.0,0.0,0.0,0.0
321,1661000110.9579232,421.0,424.5,0.0,500.0,41.5,0.209692037940971,533.1194085208184,0.9997245073318481,0.9035971760749817,0.0,0.0,0.0,0.0,0.0,0.0
322,1661000111.0117242,425.0,422.0,0.0,500.0,48.0,0.2413554905754038,543.7911455676141,0.9612735509872437,0.9035971760749817,0.0,0.0,0.0,0.0,0.0,0.0
323,1661000111.030577,423.0,432.5,0.0,500.0,35.5,0.18007913155760238,528.4338443793581,0.9612735509872437,0.8266952037811279,0.0,0.0,0.0,0.0,0.0,0.0
324,1661000111.0611362,423.0,432.5,0.0,500.0,35.5,0.18007913155760238,528.4338443793581,0.9612735509872437,0.8843716382980347,0.0,0.0,0.0,0.0,0.0,0.0
325,1661000111.0739038,424.5,434.0,0.0,500.0,35.5,0.18007913155760238,529.8784826001936,1.0189498662948608,0.8843716382980347,0.0,0.0,0.0,0.0,0.0,0.0
326,1661000111.077396,424.5,434.0,0.0,500.0,35.5,0.18007913155760238,529.8784826001936,1.0189498662948608,0.8843716382980347,0.0,0.0,0.0,0.0,0.0,0.0
327,1661000111.1021237,426.5,429.5,0.0,500.0,42.0,0.2121437530044756,538.9954206062434,1.0189498662948608,0.8843716382980347,0.0,0.0,0.0,0.0,0.0,0.0
328,1661000111.1655796,426.5,434.0,0.0,500.0,37.5,0.18998828791871572,534.0597925972012,1.0189498662948608,0.8459206819534302,0.0,0.0,0.0,0.0,0.0,0.0
329,1661000111.1859245,427.0,436.5,0.0,500.0,35.5,0.18007913155760238,532.2862129682527,1.038175344467163,0.8651461601257324,0.0,0.0,0.0,0.0,0.0,0.0
330,1661000111.2213879,427.0,432.5,0.0,500.0,39.5,0.1998598229740838,536.7616261913201,1.038175344467163,0.8651461601257324,0.0,0.0,0.0,0.0,0.0,0.0
331,1661000111.2422435,427.0,432.5,0.0,500.0,39.5,0.1998598229740838,536.7616261913201,0.9997245073318481,0.8651461601257324,0.0,0.0,0.0,0.0,0.0,0.0
332,1661000111.2460928,426.5,433.5,0.0,500.0,38.0,0.19245976577634127,534.6177920813695,0.9997245073318481,0.8651461601257324,0.0,0.0,0.0,0.0,0.0,0.0
333,1661000111.2607017,428.0,433.0,0.0,500.0,40.0,0.20232162837830373,538.2790591001677,0.9997245073318481,0.8266952037811279,0.0,0.0,0.0,0.0,0.0,0.0
334,1661000111.290442,428.0,433.0,0.0,500.0,40.0,0.20232162837830373,538.2790591001677,0.9997245073318481,0.8266952037811279,0.0,0.0,0.0,0.0,0.0,0.0
335,1661000111.3162212,428.0,433.0,0.0,500.0,40.0,0.20232162837830373,538.2790591001677,1.0189498662948608,0.8459206819534302,0.0,0.0,0.0,0.0,0.0,0.0
336,1661000111.3515708,427.0,437.0,0.0,500.0,35.0,0.1775961672834879,531.7164286872578,1.0189498662948608,0.8459206819534302,0.0,0.0,0.0,0.0,0.0,0.0
337,1661000111.3714724,427.0,437.0,0.0,500.0,35.0,0.1775961672834879,531.7164286872578,1.0574009418487549,0.8459206819534302,0.0,0.0,0.0,0.0,0.0,0.0
338,1661000111.3846016,428.5,437.0,0.0,500.0,36.5,0.18503830454963816,534.8655417636406,1.0574009418487549,0.8459206819534302,0.0,0.0,0.0,0.0,0.0,0.0
339,1661000111.4089193,426.5,441.5,0.0,500.0,30.0,0.15264932839526515,525.4211296793397,1.0574009418487549,0.8459206819534302,0.0,0.0,0.0,0.0,0.0,0.0
340,1661000111.4545064,426.5,441.5,0.0,500.0,30.0,0.15264932839526515,525.4211296793397,1.038175344467163,0.8266952037811279,0.0,0.0,0.0,0.0,0.0,0.0
341,1661000111.5076747,425.5,442.5,0.0,500.0,28.0,0.14261492957058067,522.0845438684091,1.0574009418487549,0.8266952037811279,0.0,0.0,0.0,0.0,0.0,0.0
342,1661000111.5372903,428.0,444.0,0.0,500.0,29.0,0.14763587252075236,525.6648986843333,1.0574009418487549,0.8266952037811279,0.0,0.0,0.0,0.0,0.0,0.0
343,1661000111.5846639,426.5,447.5,0.0,500.0,24.0,0.12246105741734142,518.1781392930404,1.038175344467163,0.8074697852134705,0.0,0.0,0.0,0.0,0.0,0.0
344,1661000111.5879803,426.5,447.5,0.0,500.0,24.0,0.12246105741734142,518.1781392930404,1.038175344467163,0.8074697852134705,0.0,0.0,0.0,0.0,0.0,0.0
345,1661000111.6123087,426.5,447.5,0.0,500.0,24.0,0.12246105741734142,518.1781392930404,1.038175344467163,0.8074697852134705,0.0,0.0,0.0,0.0,0.0,0.0
346,1661000111.6432505,427.5,452.5,0.0,500.0,20.0,0.10220671810725354,514.1456888010973,1.0574009418487549,0.7882443070411682,0.0,0.0,0.0,0.0,0.0,0.0
347,1661000111.699319,427.5,452.5,0.0,500.0,20.0,0.10220671810725354,514.1456888010973,1.0766264200210571,0.8074697852134705,0.0,0.0,0.0,0.0,0.0,0.0
348,1661000111.735078,423.5,452.5,0.0,500.0,16.0,0.08186788792469124,505.32214101692244,1.0766264200210571,0.8074697852134705,0.0,0.0,0.0,0.0,0.0,0.0
349,1661000111.75032,423.0,452.5,0.0,500.0,15.5,0.07932040565035252,504.2159766325366,1.0189498662948608,0.7497933506965637,0.0,0.0,0.0,0.0,0.0,0.0
350,1661000111.795382,424.5,455.5,0.0,500.0,14.0,0.07167189625603738,503.6889926494125,1.0189498662948608,0.7497933506965637,0.0,0.0,0.0,0.0,0.0,0.0
351,1661000111.803671,424.5,455.5,0.0,500.0,14.0,0.07167189625603738,503.6889926494125,1.0189498662948608,0.7497933506965637,0.0,0.0,0.0,0.0,0.0,0.0
352,1661000111.82947,422.5,458.0,0.0,500.0,9.5,0.048679460493940674,495.983473312686,1.0958518981933594,0.8074697852134705,0.0,0.0,0.0,0.0,0.0,0.0
