Full Time,9.610530138015747
Full Distance,1200
Base Speed,2.5
int,error[mm],angle[rad],distance[mm],rw_speed[rad/s],lw_speeed[rad/s],pozyx_x_1,pozyx_y_1,pozyx_rot_y_1,pozyx_x_2,pozyx_y_2,pozyx_rot_2
0,1644503021.45226,522.0,526.0,0.1692721603430832,500.0,4.0,0.02050994413944655,669.2721603430832,0.0,0.0,1.756,1.346,-0.169921875,1.756,1.346,-0.169921875
1,1644503021.4719145,522.0,526.0,0.1692721603430832,500.0,4.0,0.02050994413944655,669.2721603430832,0.0,0.0,1.756,1.346,-0.169921875,1.756,1.346,-0.169921875
2,1644503021.4753296,524.0,533.0,0.1692721603430832,500.0,9.0,0.0461211160145112,669.2721603430832,0.0,0.0,1.756,1.346,-0.169921875,1.756,1.346,-0.169921875
3,1644503021.4832962,524.0,533.0,0.1692721603430832,500.0,9.0,0.0461211160145112,669.2721603430832,0.0,0.0,1.756,1.346,-0.169921875,1.756,1.346,-0.169921875
4,1644503021.4856136,524.0,533.0,0.1692721603430832,500.0,9.0,0.0461211160145112,669.2721603430832,0.0,0.0,1.756,1.346,-0.169921875,1.756,1.346,-0.169921875
5,1644503021.488414,524.0,533.0,0.1692721603430832,500.0,9.0,0.0461211160145112,669.2721603430832,0.0,0.0,1.756,1.346,-0.169921875,1.756,1.346,-0.169921875
6,1644503021.507828,524.0,533.0,0.1720050432832745,500.0,9.0,0.0461211160145112,672.0050432832745,0.0,0.0,1.756,1.346,-0.169921875,1.756,1.346,-0.169921875
7,1644503021.5222347,524.0,533.0,0.1720050432832745,500.0,9.0,0.0461211160145112,672.0050432832745,0.0,0.0,1.756,1.346,-0.169921875,1.756,1.346,-0.169921875
8,1644503021.5362399,525.0,531.0,0.1720050432832745,500.0,6.0,0.03075952607046923,672.0050432832745,0.0,0.0,1.756,1.346,-0.169921875,1.756,1.346,-0.169921875
9,1644503021.5400522,525.0,531.0,0.1720050432832745,500.0,6.0,0.03075952607046923,672.0050432832745,0.0,0.0,1.756,1.346,-0.169921875,1.756,1.346,-0.169921875
10,1644503021.5769222,525.0,531.0,0.17507337228169206,500.0,6.0,0.03075952607046923,675.0733722816921,0.32058700919151306,0.32058700919151306,1.756,1.346,-0.169921875,1.756,1.346,-0.169921875
11,1644503021.5801923,525.0,531.0,0.17507337228169206,500.0,6.0,0.03075952607046923,675.0733722816921,0.32058700919151306,0.32058700919151306,1.756,1.346,-0.169921875,1.756,1.346,-0.169921875
12,1644503021.6033158,527.0,531.0,0.17507337228169206,500.0,4.0,0.02050994413944655,675.0733722816921,1.0419076681137085,0.9617609977722168,1.756,1.346,-0.169921875,1.756,1.346,-0.169921875
13,1644503021.615207,527.0,531.0,0.17300457024635113,500.0,4.0,0.02050994413944655,673.0045702463511,1.0419076681137085,0.9617609977722168,1.756,1.346,-0.169921875,1.756,1.346,-0.169921875
14,1644503021.629202,527.0,531.0,0.17300457024635113,500.0,4.0,0.02050994413944655,673.0045702463511,1.6830816268920898,2.083815574645996,1.756,1.346,-0.169921875,1.756,1.346,-0.169921875
15,1644503021.6430755,526.0,532.0,0.17300457024635113,500.0,6.0,0.03075952607046923,673.0045702463511,1.6830816268920898,2.083815574645996,1.756,1.346,-0.169921875,1.756,1.346,-0.169921875
16,1644503021.6503413,526.0,532.0,0.17300457024635113,500.0,6.0,0.03075952607046923,673.0045702463511,1.7231550216674805,2.604769468307495,1.756,1.346,-0.169921875,1.756,1.346,-0.169921875
17,1644503021.6574078,526.0,532.0,0.17300457024635113,500.0,6.0,0.03075952607046923,673.0045702463511,1.7231550216674805,2.604769468307495,1.756,1.346,-0.169921875,1.756,1.346,-0.169921875
18,1644503021.7032654,526.0,532.0,0.1710055163201979,500.0,6.0,0.03075952607046923,671.0055163201979,2.083815574645996,3.9271907806396484,1.756,1.346,-0.169921875,1.756,1.346,-0.169921875
19,1644503021.7059958,526.0,532.0,0.1710055163201979,500.0,6.0,0.03075952607046923,671.0055163201979,2.083815574645996,3.9271907806396484,1.756,1.346,-0.169921875,1.756,1.346,-0.169921875
20,1644503021.7299306,524.0,530.0,0.1694457293899286,500.0,6.0,0.03075952607046923,669.4457293899286,2.204035520553589,4.287851333618164,1.756,1.346,-0.169921875,1.756,1.346,-0.169921875
21,1644503021.738112,524.0,530.0,0.16827322373323456,500.0,6.0,0.03075952607046923,668.2732237332345,2.204035520553589,4.287851333618164,1.756,1.346,-0.169921875,1.756,1.346,-0.169921875
22,1644503021.7565596,523.0,530.0,0.16827322373323456,500.0,7.0,0.03588202835315739,668.2732237332345,2.4444758892059326,4.488218307495117,1.756,1.346,-0.169921875,1.756,1.346,-0.169921875
23,1644503021.7590644,523.0,532.0,0.16827322373323456,500.0,9.0,0.0461211160145112,668.2732237332345,2.4444758892059326,4.488218307495117,1.756,1.346,-0.169921875,1.756,1.346,-0.169921875
24,1644503021.7715607,523.0,532.0,0.16827322373323456,500.0,9.0,0.0461211160145112,668.2732237332345,2.4444758892059326,4.488218307495117,1.756,1.346,-0.169921875,1.756,1.346,-0.169921875
25,1644503021.7910614,523.0,532.0,0.16827322373323456,500.0,9.0,0.0461211160145112,668.2732237332345,2.8852832317352295,3.8069705963134766,1.756,1.346,-0.169921875,1.756,1.346,-0.169921875
26,1644503021.827158,523.0,532.0,0.17444251093537264,500.0,9.0,0.0461211160145112,674.4425109353726,3.0856497287750244,3.366163492202759,1.756,1.346,-0.169921875,1.756,1.346,-0.169921875
27,1644503021.830495,523.0,532.0,0.17444251093537264,500.0,9.0,0.0461211160145112,674.4425109353726,3.0856497287750244,3.366163492202759,1.756,1.346,-0.169921875,1.756,1.346,-0.169921875
28,1644503021.833277,528.0,535.0,0.17444251093537264,500.0,7.0,0.03588202835315739,674.4425109353726,3.0856497287750244,3.366163492202759,1.756,1.346,-0.169921875,1.756,1.346,-0.169921875
29,1644503021.841662,528.0,535.0,0.17444251093537264,500.0,7.0,0.03588202835315739,674.4425109353726,3.3661632537841797,3.526456832885742,1.756,1.346,-0.169921875,1.756,1.346,-0.169921875
30,1644503021.8443112,528.0,535.0,0.17444251093537264,500.0,7.0,0.03588202835315739,674.4425109353726,3.3661632537841797,3.526456832885742,1.756,1.346,-0.169921875,1.756,1.346,-0.169921875
31,1644503021.8520339,528.0,535.0,0.17444251093537264,500.0,7.0,0.03588202835315739,674.4425109353726,3.3661632537841797,3.526456832885742,1.756,1.346,-0.169921875,1.756,1.346,-0.169921875
32,1644503021.854887,528.0,535.0,0.17444251093537264,500.0,7.0,0.03588202835315739,674.4425109353726,3.3661632537841797,3.526456832885742,1.756,1.346,-0.169921875,1.756,1.346,-0.169921875
33,1644503021.8571596,528.0,535.0,0.17444251093537264,500.0,7.0,0.03588202835315739,674.4425109353726,3.3661632537841797,3.526456832885742,1.756,1.346,-0.169921875,1.756,1.346,-0.169921875
34,1644503021.8764615,528.0,535.0,0.16965848942503262,500.0,7.0,0.03588202835315739,669.6584894250326,3.766897201538086,3.766897201538086,1.756,1.346,-0.169921875,1.756,1.346,-0.169921875
35,1644503021.8956509,528.0,535.0,0.16965848942503262,500.0,7.0,0.03588202835315739,669.6584894250326,3.887117385864258,3.8069705963134766,1.756,1.346,-0.169921875,1.756,1.346,-0.169921875
36,1644503021.9037912,525.0,535.0,0.16965848942503262,500.0,10.0,0.05123716740341881,669.6584894250326,3.9271907806396484,3.847043991088867,1.756,1.346,-0.169921875,1.756,1.346,-0.169921875
37,1644503021.9122634,525.0,535.0,0.16965848942503262,500.0,10.0,0.05123716740341881,669.6584894250326,3.9271907806396484,3.847043991088867,1.756,1.346,-0.169921875,1.756,1.346,-0.169921875
38,1644503021.9263937,525.0,535.0,0.17127003356278056,500.0,10.0,0.05123716740341881,671.2700335627806,4.04741096496582,3.9271907806396484,1.756,1.346,-0.169921875,1.756,1.346,-0.169921875
39,1644503021.9486783,525.0,535.0,0.17407358260322336,500.0,10.0,0.05123716740341881,674.0735826032234,4.207704544067383,3.887117385864258,1.756,1.346,-0.169921875,1.756,1.346,-0.169921875
40,1644503022.0059135,525.0,535.0,0.1653874391922726,500.0,10.0,0.05123716740341881,665.3874391922726,4.728658199310303,4.00733757019043,1.756,1.346,-0.169921875,1.756,1.346,-0.169921875
41,1644503022.014141,525.0,534.0,0.1653874391922726,500.0,9.0,0.0461211160145112,665.3874391922726,4.728658199310303,4.00733757019043,1.756,1.346,-0.169921875,1.756,1.346,-0.169921875
42,1644503022.0297692,522.0,534.0,0.1653874391922726,500.0,12.0,0.06146095588276595,665.3874391922726,4.728658199310303,4.00733757019043,1.756,1.346,-0.169921875,1.756,1.346,-0.169921875
43,1644503022.0553818,522.0,534.0,0.1677178276376427,500.0,12.0,0.06146095588276595,667.7178276376427,4.929025173187256,4.00733757019043,1.756,1.346,-0.169921875,1.756,1.346,-0.169921875
44,1644503022.0671797,522.0,534.0,0.1677178276376427,500.0,12.0,0.06146095588276595,667.7178276376427,4.929025173187256,4.00733757019043,1.756,1.346,-0.169921875,1.756,1.346,-0.169921875
45,1644503022.0700135,525.0,538.0,0.1677178276376427,500.0,13.0,0.06656816377582381,667.7178276376427,4.929025173187256,4.00733757019043,1.756,1.346,-0.169921875,1.756,1.346,-0.169921875
46,1644503022.0734298,525.0,538.0,0.1677178276376427,500.0,13.0,0.06656816377582381,667.7178276376427,5.049245357513428,4.207704544067383,1.756,1.346,-0.169921875,1.756,1.346,-0.169921875
47,1644503022.0828626,525.0,538.0,0.1677178276376427,500.0,13.0,0.06656816377582381,667.7178276376427,5.049245357513428,4.207704544067383,1.756,1.346,-0.169921875,1.756,1.346,-0.169921875
48,1644503022.090946,525.0,538.0,0.1677178276376427,500.0,13.0,0.06656816377582381,667.7178276376427,5.049245357513428,4.207704544067383,1.756,1.346,-0.169921875,1.756,1.346,-0.169921875
49,1644503022.0990827,525.0,538.0,0.1677178276376427,500.0,13.0,0.06656816377582381,667.7178276376427,5.049245357513428,4.207704544067383,1.756,1.346,-0.169921875,1.756,1.346,-0.169921875
50,1644503022.10745,525.0,538.0,0.1677178276376427,500.0,13.0,0.06656816377582381,667.7178276376427,5.089318752288818,4.207704067230225,1.756,1.346,-0.169921875,1.756,1.346,-0.169921875
51,1644503022.1156447,525.0,538.0,0.1677178276376427,500.0,13.0,0.06656816377582381,667.7178276376427,5.089318752288818,4.207704067230225,1.756,1.346,-0.169921875,1.756,1.346,-0.169921875
52,1644503022.1183484,525.0,538.0,0.1677178276376427,500.0,13.0,0.06656816377582381,667.7178276376427,5.089318752288818,4.207704067230225,1.756,1.346,-0.169921875,1.756,1.346,-0.169921875
53,1644503022.1219265,525.0,538.0,0.17486307589338798,500.0,13.0,0.06656816377582381,674.863075893388,5.209538459777832,4.287850856781006,1.756,1.346,-0.169921875,1.756,1.346,-0.169921875
54,1644503022.130464,525.0,538.0,0.17486307589338798,500.0,13.0,0.06656816377582381,674.863075893388,5.209538459777832,4.287850856781006,1.756,1.346,-0.169921875,1.756,1.346,-0.169921875
55,1644503022.1543303,529.0,537.0,0.17486307589338798,500.0,8.0,0.041002647445327445,674.863075893388,5.329759120941162,4.408071517944336,1.756,1.346,-0.169921875,1.756,1.346,-0.169921875
56,1644503022.1736906,529.0,537.0,0.17486307589338798,500.0,8.0,0.041002647445327445,674.863075893388,5.449979305267334,4.408071517944336,1.756,1.346,-0.169921875,1.756,1.346,-0.169921875
57,1644503022.1773167,529.0,537.0,0.17486307589338798,500.0,8.0,0.041002647445327445,674.863075893388,5.369832515716553,4.448144912719727,1.756,1.346,-0.169921875,1.756,1.346,-0.169921875
58,1644503022.2022388,529.0,537.0,0.17302234028190616,500.0,8.0,0.041002647445327445,673.0223402819062,5.369832515716553,4.528291702270508,1.756,1.346,-0.169921875,1.756,1.346,-0.169921875
59,1644503022.223486,529.0,537.0,0.17302234028190616,500.0,8.0,0.041002647445327445,673.0223402819062,5.369832515716553,4.528291702270508,1.756,1.346,-0.169921875,1.756,1.346,-0.169921875
60,1644503022.232266,529.0,540.0,0.17170896826906915,500.0,11.0,0.056350535712642154,671.7089682690691,5.369832515716553,4.528291702270508,1.756,1.346,-0.169921875,1.756,1.346,-0.169921875
61,1644503022.2351024,529.0,540.0,0.17170896826906915,500.0,11.0,0.056350535712642154,671.7089682690691,5.369832515716553,4.528291702270508,1.756,1.346,-0.169921875,1.756,1.346,-0.169921875
62,1644503022.2541645,529.0,542.0,0.16662131768472113,500.0,13.0,0.06656816377582381,666.6213176847211,5.530126094818115,4.6485114097595215,1.756,1.346,-0.169921875,1.756,1.346,-0.169921875
63,1644503022.2731626,529.0,542.0,0.16662131768472113,500.0,13.0,0.06656816377582381,666.6213176847211,5.570199489593506,4.6485114097595215,1.756,1.346,-0.169921875,1.756,1.346,-0.169921875
64,1644503022.292528,528.0,542.0,0.17071118311121256,500.0,14.0,0.07167189625603738,670.7111831112126,5.530126094818115,4.608438491821289,1.756,1.346,-0.169921875,1.756,1.346,-0.169921875
65,1644503022.307318,528.0,542.0,0.17071118311121256,500.0,14.0,0.07167189625603738,670.7111831112126,5.530126094818115,4.688584804534912,1.756,1.346,-0.169921875,1.756,1.346,-0.169921875
66,1644503022.3156726,528.0,541.0,0.17071118311121256,500.0,13.0,0.06656816377582381,670.7111831112126,5.530126094818115,4.688584804534912,1.756,1.346,-0.169921875,1.756,1.346,-0.169921875
67,1644503022.3184116,528.0,541.0,0.17071118311121256,500.0,13.0,0.06656816377582381,670.7111831112126,5.530126094818115,4.688584804534912,1.756,1.346,-0.169921875,1.756,1.346,-0.169921875
68,1644503022.326907,528.0,541.0,0.17071118311121256,500.0,13.0,0.06656816377582381,670.7111831112126,5.530126094818115,4.728658199310303,1.756,1.346,-0.169921875,1.756,1.346,-0.169921875
69,1644503022.335314,528.0,541.0,0.17071118311121256,500.0,13.0,0.06656816377582381,670.7111831112126,5.530126094818115,4.728658199310303,1.756,1.346,-0.169921875,1.756,1.346,-0.169921875
70,1644503022.338333,528.0,541.0,0.17071118311121256,500.0,13.0,0.06656816377582381,670.7111831112126,5.530126094818115,4.728658199310303,1.756,1.346,-0.169921875,1.756,1.346,-0.169921875
71,1644503022.361781,528.0,541.0,0.17071118311121256,500.0,13.0,0.06656816377582381,670.7111831112126,5.570199489593506,4.728658199310303,1.756,1.346,-0.169921875,1.756,1.346,-0.169921875
72,1644503022.3772566,528.0,541.0,0.16713303596730134,500.0,13.0,0.06656816377582381,667.1330359673013,5.6102728843688965,4.728658199310303,1.756,1.346,-0.169921875,1.756,1.346,-0.169921875
73,1644503022.380948,528.0,541.0,0.16359574120269577,500.0,13.0,0.06656816377582381,663.5957412026958,5.6102728843688965,4.808804988861084,1.756,1.346,-0.169921875,1.756,1.346,-0.169921875
74,1644503022.389459,528.0,546.0,0.16359574120269577,500.0,18.0,0.09204684886340674,663.5957412026958,5.6102728843688965,4.808804988861084,1.756,1.346,-0.169921875,1.756,1.346,-0.169921875
75,1644503022.4083076,526.0,546.0,0.16359574120269577,500.0,20.0,0.10220671810725354,663.5957412026958,5.650346279144287,4.848878383636475,1.756,1.346,-0.169921875,1.756,1.346,-0.169921875
76,1644503022.4172077,526.0,546.0,0.16359574120269577,500.0,20.0,0.10220671810725354,663.5957412026958,5.650346279144287,4.848878383636475,1.756,1.346,-0.169921875,1.756,1.346,-0.169921875
77,1644503022.4265785,526.0,546.0,0.16115538251205477,500.0,20.0,0.10220671810725354,661.1553825120548,5.650346279144287,4.808804988861084,1.756,1.346,-0.169921875,1.756,1.346,-0.169921875
78,1644503022.4623675,526.0,546.0,0.17701126031417494,500.0,20.0,0.10220671810725354,677.0112603141749,5.690419673919678,4.768731594085693,1.756,1.346,-0.169921875,1.756,1.346,-0.169921875
79,1644503022.5178478,526.0,549.0,0.1642799849044095,500.0,23.0,0.11740627505496065,664.2799849044095,5.81063985824585,5.009171962738037,1.756,1.346,-0.169921875,1.756,1.346,-0.169921875
80,1644503022.5320024,530.0,549.0,0.1642799849044095,500.0,19.0,0.09712929786810859,664.2799849044095,5.770566463470459,5.009171962738037,1.756,1.346,-0.169921875,1.756,1.346,-0.169921875
81,1644503022.5461571,530.0,554.0,0.1642799849044095,500.0,24.0,0.12246105741734142,664.2799849044095,5.770566463470459,5.009171962738037,1.756,1.346,-0.169921875,1.756,1.346,-0.169921875
82,1644503022.554932,530.0,554.0,0.1642799849044095,500.0,24.0,0.12246105741734142,664.2799849044095,5.770566463470459,5.009171962738037,1.756,1.346,-0.169921875,1.756,1.346,-0.169921875
83,1644503022.5632343,530.0,554.0,0.1642799849044095,500.0,24.0,0.12246105741734142,664.2799849044095,5.770566463470459,5.009171962738037,1.756,1.346,-0.169921875,1.756,1.346,-0.169921875
84,1644503022.566959,530.0,554.0,0.1642799849044095,500.0,24.0,0.12246105741734142,664.2799849044095,5.770566463470459,5.009171962738037,1.756,1.346,-0.169921875,1.756,1.346,-0.169921875
85,1644503022.5748851,530.0,554.0,0.1642799849044095,500.0,24.0,0.12246105741734142,664.2799849044095,5.770566463470459,5.009171962738037,1.756,1.346,-0.169921875,1.756,1.346,-0.169921875
86,1644503022.5968485,530.0,554.0,0.1642799849044095,500.0,24.0,0.12246105741734142,664.2799849044095,5.770566463470459,5.009171962738037,1.756,1.346,-0.169921875,1.756,1.346,-0.169921875
87,1644503022.6312406,530.0,554.0,0.1642799849044095,500.0,24.0,0.12246105741734142,664.2799849044095,5.770566463470459,5.009171962738037,1.756,1.346,-0.169921875,1.756,1.346,-0.169921875
88,1644503022.638954,530.0,554.0,0.1642799849044095,500.0,24.0,0.12246105741734142,664.2799849044095,5.770566463470459,5.009171962738037,1.756,1.346,-0.169921875,1.756,1.346,-0.169921875
89,1644503022.6420174,530.0,554.0,0.1642799849044095,500.0,24.0,0.12246105741734142,664.2799849044095,5.770566463470459,5.009171962738037,1.756,1.346,-0.169921875,1.756,1.346,-0.169921875
90,1644503022.6607933,530.0,554.0,0.1642799849044095,500.0,24.0,0.12246105741734142,664.2799849044095,5.770566463470459,5.009171962738037,1.756,1.346,-0.169921875,1.756,1.346,-0.169921875
91,1644503022.6689844,530.0,554.0,0.1642799849044095,500.0,24.0,0.12246105741734142,664.2799849044095,5.770566463470459,5.009171962738037,1.756,1.346,-0.169921875,1.756,1.346,-0.169921875
92,1644503022.681866,530.0,554.0,0.1642799849044095,500.0,24.0,0.12246105741734142,664.2799849044095,5.770566463470459,5.009171962738037,1.756,1.346,-0.169921875,1.756,1.346,-0.169921875
93,1644503022.6853619,530.0,554.0,0.1642799849044095,500.0,24.0,0.12246105741734142,664.2799849044095,5.770566463470459,5.009171962738037,1.756,1.346,-0.169921875,1.756,1.346,-0.169921875
94,1644503022.6997652,530.0,554.0,0.1642799849044095,500.0,24.0,0.12246105741734142,664.2799849044095,5.770566463470459,5.009171962738037,1.756,1.346,-0.169921875,1.756,1.346,-0.169921875
95,1644503022.707701,530.0,554.0,0.162536728816273,500.0,24.0,0.12246105741734142,662.536728816273,5.770566463470459,5.009171962738037,1.756,1.346,-0.169921875,1.756,1.346,-0.169921875
96,1644503022.7159607,530.0,554.0,0.162536728816273,500.0,24.0,0.12246105741734142,662.536728816273,5.770566463470459,5.009171962738037,1.756,1.346,-0.169921875,1.756,1.346,-0.169921875
97,1644503022.7352583,530.0,556.0,0.162536728816273,500.0,26.0,0.13255153229667402,662.536728816273,5.770566463470459,5.009171962738037,1.756,1.346,-0.169921875,1.756,1.346,-0.169921875
98,1644503022.7677934,530.0,556.0,0.1651278456981786,500.0,26.0,0.13255153229667402,665.1278456981786,6.131226062774658,5.129391670227051,1.756,1.346,-0.169921875,1.756,1.346,-0.169921875
99,1644503022.7759798,530.0,556.0,0.16639188148970926,500.0,26.0,0.13255153229667402,666.3918814897092,6.131226062774658,5.129391670227051,1.756,1.346,-0.169921875,1.756,1.346,-0.169921875
100,1644503022.7847474,530.0,556.0,0.16639188148970926,500.0,26.0,0.13255153229667402,666.3918814897092,6.131226062774658,5.129391670227051,1.756,1.346,-0.169921875,1.756,1.346,-0.169921875
101,1644503022.798451,533.0,558.0,0.16639188148970926,500.0,25.0,0.12750955821523827,666.3918814897092,6.131226062774658,5.129391670227051,1.756,1.346,-0.169921875,1.756,1.346,-0.169921875
102,1644503022.8233001,533.0,558.0,0.16073096446700505,500.0,25.0,0.12750955821523827,660.730964467005,6.131226062774658,5.129391670227051,1.756,1.346,-0.169921875,1.756,1.346,-0.169921875
103,1644503022.8316982,533.0,558.0,0.15790750657342675,500.0,25.0,0.12750955821523827,657.9075065734268,6.011006832122803,5.169465065002441,1.756,1.346,-0.169921875,1.756,1.346,-0.169921875
104,1644503022.834876,530.0,558.0,0.15790750657342675,500.0,28.0,0.14261492957058067,657.9075065734268,6.011006832122803,5.169465065002441,1.756,1.346,-0.169921875,1.756,1.346,-0.169921875
105,1644503022.848473,530.0,561.0,0.15790750657342675,500.0,31.0,0.1576550624799266,657.9075065734268,6.011005878448486,5.209538459777832,1.756,1.346,-0.169921875,1.756,1.346,-0.169921875
106,1644503022.851566,530.0,561.0,0.15790750657342675,500.0,31.0,0.1576550624799266,657.9075065734268,6.011005878448486,5.209538459777832,1.756,1.346,-0.169921875,1.756,1.346,-0.169921875
107,1644503022.8592026,530.0,561.0,0.15790750657342675,500.0,31.0,0.1576550624799266,657.9075065734268,6.011005878448486,5.209538459777832,1.756,1.346,-0.169921875,1.756,1.346,-0.169921875
108,1644503022.8733397,530.0,561.0,0.15980497971298485,500.0,31.0,0.1576550624799266,659.8049797129848,6.051080226898193,5.209538459777832,1.756,1.346,-0.169921875,1.756,1.346,-0.169921875
109,1644503022.8931253,530.0,561.0,0.15397590368360375,500.0,31.0,0.1576550624799266,653.9759036836037,5.970933437347412,5.049245357513428,1.756,1.346,-0.169921875,1.756,1.346,-0.169921875
110,1644503022.9018147,530.0,559.0,0.15397590368360375,500.0,29.0,0.14763587252075236,653.9759036836037,5.9308600425720215,5.009171962738037,1.756,1.346,-0.169921875,1.756,1.346,-0.169921875
111,1644503022.9047754,527.0,559.0,0.15397590368360375,500.0,32.0,0.16265284233076271,653.9759036836037,5.9308600425720215,5.009171962738037,1.756,1.346,-0.169921875,1.756,1.346,-0.169921875
112,1644503022.9357986,527.0,559.0,0.156936307175451,500.0,32.0,0.16265284233076271,656.936307175451,5.970933437347412,5.129391670227051,1.756,1.346,-0.169921875,1.756,1.346,-0.169921875
113,1644503022.959715,527.0,559.0,0.156936307175451,500.0,32.0,0.16265284233076271,656.936307175451,6.011006832122803,5.209538459777832,1.756,1.346,-0.169921875,1.756,1.346,-0.169921875
114,1644503022.973854,530.0,562.0,0.156936307175451,500.0,32.0,0.16265284233076271,656.936307175451,5.9308600425720215,5.169465065002441,1.756,1.346,-0.169921875,1.756,1.346,-0.169921875
115,1644503022.9765725,530.0,562.0,0.156936307175451,500.0,32.0,0.16265284233076271,656.936307175451,5.9308600425720215,5.169465065002441,1.756,1.346,-0.169921875,1.756,1.346,-0.169921875
116,1644503022.989135,530.0,562.0,0.15496434880476215,500.0,32.0,0.16265284233076271,654.9643488047622,5.9308600425720215,5.169465065002441,1.756,1.346,-0.169921875,1.756,1.346,-0.169921875
117,1644503023.0095286,530.0,562.0,0.15295037608578912,500.0,32.0,0.16265284233076271,652.9503760857891,5.890786647796631,5.169465065002441,1.756,1.346,-0.169921875,1.756,1.346,-0.169921875
118,1644503023.0252645,529.0,562.0,0.15295037608578912,500.0,33.0,0.1676424378312157,652.9503760857891,5.890786647796631,5.169465065002441,1.756,1.346,-0.169921875,1.756,1.346,-0.169921875
119,1644503023.052054,529.0,564.0,0.13522810642399258,500.0,35.0,0.1775961672834879,635.2281064239926,5.770566463470459,5.089318752288818,1.756,1.346,-0.169921875,1.756,1.346,-0.169921875
120,1644503023.0554993,529.0,564.0,0.13522810642399258,500.0,35.0,0.1775961672834879,635.2281064239926,5.770566463470459,5.089318752288818,1.756,1.346,-0.169921875,1.756,1.346,-0.169921875
121,1644503023.0697112,522.0,567.0,0.13522810642399258,500.0,45.0,0.2267988480538859,635.2281064239926,5.890786647796631,5.169465065002441,1.756,1.346,-0.169921875,1.756,1.346,-0.169921875
122,1644503023.0727043,522.0,567.0,0.13522810642399258,500.0,45.0,0.2267988480538859,635.2281064239926,5.890786647796631,5.169465065002441,1.756,1.346,-0.169921875,1.756,1.346,-0.169921875
123,1644503023.075429,522.0,567.0,0.13522810642399258,500.0,45.0,0.2267988480538859,635.2281064239926,5.890786647796631,5.169465065002441,1.756,1.346,-0.169921875,1.756,1.346,-0.169921875
124,1644503023.093837,522.0,567.0,0.13522810642399258,500.0,45.0,0.2267988480538859,635.2281064239926,5.890786647796631,5.289685249328613,1.756,1.346,-0.169921875,1.756,1.346,-0.169921875
125,1644503023.13054,522.0,567.0,0.14581043301004,500.0,45.0,0.2267988480538859,645.81043301004,5.85071325302124,5.129391670227051,1.756,1.346,-0.169921875,1.756,1.346,-0.169921875
126,1644503023.150416,522.0,567.0,0.14581043301004,500.0,45.0,0.2267988480538859,645.81043301004,5.890786647796631,5.129392147064209,1.756,1.346,-0.169921875,1.756,1.346,-0.169921875
127,1644503023.1886213,525.0,565.0,0.14374968242925001,500.0,40.0,0.20232162837830373,643.74968242925,5.85071325302124,5.169465065002441,1.756,1.346,-0.169921875,1.756,1.346,-0.169921875
128,1644503023.1919913,525.0,565.0,0.14374968242925001,500.0,40.0,0.20232162837830373,643.74968242925,5.85071325302124,5.169465065002441,1.756,1.346,-0.169921875,1.756,1.346,-0.169921875
129,1644503023.1946454,525.0,565.0,0.14374968242925001,500.0,40.0,0.20232162837830373,643.74968242925,5.85071325302124,5.169465065002441,1.756,1.346,-0.169921875,1.756,1.346,-0.169921875
130,1644503023.2028556,525.0,565.0,0.14374968242925001,500.0,40.0,0.20232162837830373,643.74968242925,5.81063985824585,5.209538459777832,1.756,1.346,-0.169921875,1.756,1.346,-0.169921875
131,1644503023.211269,525.0,565.0,0.14374968242925001,500.0,40.0,0.20232162837830373,643.74968242925,5.770566463470459,5.129392147064209,1.756,1.346,-0.169921875,1.756,1.346,-0.169921875
132,1644503023.2249448,525.0,565.0,0.14374968242925001,500.0,40.0,0.20232162837830373,643.74968242925,5.770566463470459,5.169465065002441,1.756,1.346,-0.169921875,1.756,1.346,-0.169921875
133,1644503023.2384408,525.0,565.0,0.14581043301004,500.0,40.0,0.20232162837830373,645.81043301004,5.770566463470459,5.169465065002441,1.756,1.346,-0.169921875,1.756,1.346,-0.169921875
134,1644503023.2528741,525.0,565.0,0.14581043301004,500.0,40.0,0.20232162837830373,645.81043301004,5.770566463470459,5.249611854553223,1.756,1.346,-0.169921875,1.756,1.346,-0.169921875
135,1644503023.2617493,526.0,565.0,0.14581043301004,500.0,39.0,0.19739555984988078,645.81043301004,5.650346279144287,5.209538459777832,1.756,1.346,-0.169921875,1.756,1.346,-0.169921875
136,1644503023.2703266,526.0,565.0,0.14581043301004,500.0,39.0,0.19739555984988078,645.81043301004,5.650346279144287,5.209538459777832,1.756,1.346,-0.169921875,1.756,1.346,-0.169921875
137,1644503023.2784655,526.0,565.0,0.14581043301004,500.0,39.0,0.19739555984988078,645.81043301004,5.650346279144287,5.209538459777832,1.756,1.346,-0.169921875,1.756,1.346,-0.169921875
138,1644503023.2867386,526.0,565.0,0.14581043301004,500.0,39.0,0.19739555984988078,645.81043301004,5.650346279144287,5.129391670227051,1.756,1.346,-0.169921875,1.756,1.346,-0.169921875
139,1644503023.3011498,526.0,565.0,0.14581043301004,500.0,39.0,0.19739555984988078,645.81043301004,5.650346279144287,5.129391670227051,1.756,1.346,-0.169921875,1.756,1.346,-0.169921875
140,1644503023.3163853,526.0,565.0,0.14286869098296723,500.0,39.0,0.19739555984988078,642.8686909829672,5.6102728843688965,5.089318752288818,1.756,1.346,-0.169921875,1.756,1.346,-0.169921875
141,1644503023.319246,526.0,565.0,0.14286869098296723,500.0,39.0,0.19739555984988078,642.8686909829672,5.6102728843688965,5.089318752288818,1.756,1.346,-0.169921875,1.756,1.346,-0.169921875
142,1644503023.3387876,523.0,562.0,0.14286869098296723,500.0,39.0,0.19739555984988078,642.8686909829672,5.650346279144287,5.169465065002441,1.756,1.346,-0.169921875,1.756,1.346,-0.169921875
143,1644503023.347346,523.0,562.0,0.14286869098296723,500.0,39.0,0.19739555984988078,642.8686909829672,5.650346279144287,5.169465065002441,1.756,1.346,-0.169921875,1.756,1.346,-0.169921875
144,1644503023.3892198,523.0,562.0,0.13149292787806496,500.0,39.0,0.19739555984988078,631.492927878065,5.6102728843688965,5.089318752288818,1.756,1.346,-0.169921875,1.756,1.346,-0.169921875
145,1644503023.4083772,523.0,562.0,0.13149292787806496,500.0,39.0,0.19739555984988078,631.492927878065,5.570199489593506,5.049245357513428,1.756,1.346,-0.169921875,1.756,1.346,-0.169921875
146,1644503023.4118578,517.0,561.0,0.13149292787806496,500.0,44.0,0.22192449595683528,631.492927878065,5.570199489593506,5.049245357513428,1.756,1.346,-0.169921875,1.756,1.346,-0.169921875
147,1644503023.4154122,517.0,561.0,0.13149292787806496,500.0,44.0,0.22192449595683528,631.492927878065,5.570199489593506,5.049245357513428,1.756,1.346,-0.169921875,1.756,1.346,-0.169921875
148,1644503023.423554,517.0,561.0,0.13149292787806496,500.0,44.0,0.22192449595683528,631.492927878065,5.490052700042725,4.9690985679626465,1.756,1.346,-0.169921875,1.756,1.346,-0.169921875
149,1644503023.4310234,517.0,561.0,0.13149292787806496,500.0,44.0,0.22192449595683528,631.492927878065,5.490052700042725,4.9690985679626465,1.756,1.346,-0.169921875,1.756,1.346,-0.169921875
150,1644503023.4617722,517.0,561.0,0.13035615044551946,500.0,44.0,0.22192449595683528,630.3561504455195,5.009171962738037,4.327924728393555,1.756,1.346,-0.169921875,1.756,1.346,-0.169921875
151,1644503023.4816968,517.0,561.0,0.13035615044551946,500.0,44.0,0.22192449595683528,630.3561504455195,4.848878383636475,4.087484359741211,1.756,1.346,-0.169921875,1.756,1.346,-0.169921875
152,1644503023.4910076,517.0,562.0,0.13035615044551946,500.0,45.0,0.2267988480538859,630.3561504455195,4.848878383636475,4.087484359741211,1.756,1.346,-0.169921875,1.756,1.346,-0.169921875
153,1644503023.5053985,517.0,562.0,0.1355467756923109,500.0,45.0,0.2267988480538859,635.5467756923109,4.688584804534912,3.9271907806396484,1.756,1.346,-0.169921875,1.756,1.346,-0.169921875
154,1644503023.5093906,517.0,562.0,0.1355467756923109,500.0,45.0,0.2267988480538859,635.5467756923109,4.56836462020874,3.847043991088867,1.756,1.346,-0.169921875,1.756,1.346,-0.169921875
155,1644503023.5175307,520.0,563.0,0.1355467756923109,500.0,43.0,0.2170393981582582,635.5467756923109,4.56836462020874,3.847043991088867,1.756,1.346,-0.169921875,1.756,1.346,-0.169921875
156,1644503023.5191858,520.0,563.0,0.1355467756923109,500.0,43.0,0.2170393981582582,635.5467756923109,4.56836462020874,3.847043991088867,1.756,1.346,-0.169921875,1.756,1.346,-0.169921875
157,1644503023.5260248,520.0,563.0,0.1355467756923109,500.0,43.0,0.2170393981582582,635.5467756923109,4.56836462020874,3.847043991088867,1.756,1.346,-0.169921875,1.756,1.346,-0.169921875
158,1644503023.5286398,520.0,563.0,0.1355467756923109,500.0,43.0,0.2170393981582582,635.5467756923109,4.56836462020874,3.847043991088867,1.756,1.346,-0.169921875,1.756,1.346,-0.169921875
159,1644503023.5366282,520.0,563.0,0.1355467756923109,500.0,43.0,0.2170393981582582,635.5467756923109,4.408071517944336,3.646677017211914,1.756,1.346,-0.169921875,1.756,1.346,-0.169921875
160,1644503023.5396185,520.0,563.0,0.1355467756923109,500.0,43.0,0.2170393981582582,635.5467756923109,4.408071517944336,3.646677017211914,1.756,1.346,-0.169921875,1.756,1.346,-0.169921875
161,1644503023.56128,520.0,563.0,0.1284073680541302,500.0,43.0,0.2170393981582582,628.4073680541302,4.408071517944336,3.646677017211914,1.756,1.346,-0.169921875,1.756,1.346,-0.169921875
162,1644503023.5646398,520.0,563.0,0.1284073680541302,500.0,43.0,0.2170393981582582,628.4073680541302,4.408071517944336,3.646677017211914,1.756,1.346,-0.169921875,1.756,1.346,-0.169921875
163,1644503023.5733545,515.0,560.0,0.1284073680541302,500.0,45.0,0.2267988480538859,628.4073680541302,4.408071517944336,3.646677017211914,1.756,1.346,-0.169921875,1.756,1.346,-0.169921875
164,1644503023.5763707,515.0,560.0,0.1284073680541302,500.0,45.0,0.2267988480538859,628.4073680541302,4.127557754516602,3.4062366485595703,1.756,1.347,-0.169921875,1.756,1.347,-0.169921875
165,1644503023.5788054,515.0,560.0,0.1284073680541302,500.0,45.0,0.2267988480538859,628.4073680541302,4.127557754516602,3.4062366485595703,1.756,1.347,-0.169921875,1.756,1.347,-0.169921875
166,1644503023.581528,515.0,560.0,0.1284073680541302,500.0,45.0,0.2267988480538859,628.4073680541302,3.8069705963134766,3.125723123550415,1.756,1.347,-0.169921875,1.756,1.347,-0.169921875
167,1644503023.5883677,515.0,560.0,0.1284073680541302,500.0,45.0,0.2267988480538859,628.4073680541302,3.8069705963134766,3.125723123550415,1.756,1.347,-0.169921875,1.756,1.347,-0.169921875
168,1644503023.5898726,515.0,560.0,0.1284073680541302,500.0,45.0,0.2267988480538859,628.4073680541302,3.8069705963134766,3.125723123550415,1.756,1.347,-0.169921875,1.756,1.347,-0.169921875
169,1644503023.5970414,515.0,560.0,0.1284073680541302,500.0,45.0,0.2267988480538859,628.4073680541302,3.8069705963134766,3.125723123550415,1.756,1.347,-0.169921875,1.756,1.347,-0.169921875
170,1644503023.611281,515.0,560.0,0.12823371214089366,500.0,45.0,0.2267988480538859,628.2337121408937,3.446310043334961,2.845209836959839,1.756,1.347,-0.169921875,1.756,1.347,-0.169921875
171,1644503023.6193573,515.0,560.0,0.12823371214089366,500.0,45.0,0.2267988480538859,628.2337121408937,3.125723123550415,2.6448426246643066,1.756,1.347,-0.169921875,1.756,1.347,-0.169921875
172,1644503023.6271842,516.0,562.0,0.12823371214089366,500.0,46.0,0.23166225901704268,628.2337121408937,3.125723123550415,2.6448426246643066,1.756,1.347,-0.169921875,1.756,1.347,-0.169921875
173,1644503023.6308618,516.0,562.0,0.12823371214089366,500.0,46.0,0.23166225901704268,628.2337121408937,3.125723123550415,2.6448426246643066,1.756,1.347,-0.169921875,1.756,1.347,-0.169921875
174,1644503023.6340184,516.0,562.0,0.12823371214089366,500.0,46.0,0.23166225901704268,628.2337121408937,3.125723123550415,2.6448426246643066,1.756,1.347,-0.169921875,1.756,1.347,-0.169921875
175,1644503023.64351,516.0,562.0,0.12823371214089366,500.0,46.0,0.23166225901704268,628.2337121408937,3.125723123550415,2.6448426246643066,1.756,1.347,-0.169921875,1.756,1.347,-0.169921875
176,1644503023.650777,516.0,562.0,0.12823371214089366,500.0,46.0,0.23166225901704268,628.2337121408937,2.92535662651062,2.4845492839813232,1.756,1.347,-0.169921875,1.756,1.347,-0.169921875
177,1644503023.6595159,516.0,562.0,0.12823371214089366,500.0,46.0,0.23166225901704268,628.2337121408937,2.7650630474090576,2.3242557048797607,1.756,1.347,-0.169921875,1.756,1.347,-0.169921875
178,1644503023.661882,516.0,562.0,0.12823371214089366,500.0,46.0,0.23166225901704268,628.2337121408937,2.7650630474090576,2.3242557048797607,1.756,1.347,-0.169921875,1.756,1.347,-0.169921875
179,1644503023.6704235,516.0,562.0,0.12823371214089366,500.0,46.0,0.23166225901704268,628.2337121408937,2.7650630474090576,2.3242557048797607,1.756,1.347,-0.169921875,1.756,1.347,-0.169921875
180,1644503023.6736684,516.0,562.0,0.12823371214089366,500.0,46.0,0.23166225901704268,628.2337121408937,2.6448428630828857,2.2441089153289795,1.756,1.347,-0.169921875,1.756,1.347,-0.169921875
181,1644503023.6938672,516.0,562.0,0.12823371214089366,500.0,46.0,0.23166225901704268,628.2337121408937,2.6448428630828857,2.2441089153289795,1.756,1.347,-0.169921875,1.756,1.347,-0.169921875
182,1644503023.708075,516.0,562.0,0.12823371214089366,500.0,46.0,0.23166225901704268,628.2337121408937,2.28418231010437,1.9235219955444336,1.756,1.347,-0.169921875,1.756,1.347,-0.169921875
183,1644503023.7213,516.0,562.0,0.12823371214089366,500.0,46.0,0.23166225901704268,628.2337121408937,2.28418231010437,1.9235219955444336,1.756,1.347,-0.169921875,1.756,1.347,-0.169921875
184,1644503023.7534063,516.0,562.0,0.12590125227090493,500.0,46.0,0.23166225901704268,625.9012522709049,1.883448600769043,1.6430083513259888,1.756,1.347,-0.169921875,1.756,1.347,-0.169921875
185,1644503023.767265,516.0,562.0,0.12590125227090493,500.0,46.0,0.23166225901704268,625.9012522709049,2.0437421798706055,1.9235219955444336,1.756,1.347,-0.169921875,1.756,1.347,-0.169921875
186,1644503023.781679,516.0,564.0,0.12590125227090493,500.0,48.0,0.2413554905754038,625.9012522709049,2.083815574645996,2.003668785095215,1.756,1.347,-0.169921875,1.756,1.347,-0.169921875
187,1644503023.7896729,516.0,564.0,0.12590125227090493,500.0,48.0,0.2413554905754038,625.9012522709049,2.083815574645996,2.003668785095215,1.756,1.347,-0.169921875,1.756,1.347,-0.169921875
188,1644503023.8040993,516.0,564.0,0.12823371214089366,500.0,48.0,0.2413554905754038,628.2337121408937,2.0437421798706055,2.003668785095215,1.756,1.347,-0.169921875,1.756,1.347,-0.169921875
189,1644503023.812721,516.0,564.0,0.12180764353599591,500.0,48.0,0.2413554905754038,621.8076435359959,2.0437421798706055,2.003668785095215,1.756,1.347,-0.169921875,1.756,1.347,-0.169921875
190,1644503023.8213823,516.0,562.0,0.12180764353599591,500.0,46.0,0.23166225901704268,621.8076435359959,2.083815574645996,2.083815574645996,1.756,1.347,-0.169921875,1.756,1.347,-0.169921875
191,1644503023.8846648,513.0,562.0,0.12180764353599591,500.0,49.0,0.24618493515939638,621.8076435359959,2.6448426246643066,2.5646958351135254,1.756,1.347,-0.169921875,1.756,1.347,-0.169921875
192,1644503023.9101295,513.0,562.0,0.12471719122735067,500.0,49.0,0.24618493515939638,624.7171912273507,2.724989652633667,2.6448426246643066,1.756,1.347,-0.169921875,1.756,1.347,-0.169921875
193,1644503023.9186902,513.0,562.0,0.12471719122735067,500.0,49.0,0.24618493515939638,624.7171912273507,2.724989652633667,2.6448426246643066,1.756,1.347,-0.169921875,1.756,1.347,-0.169921875
194,1644503023.9217443,516.0,565.0,0.12471719122735067,500.0,49.0,0.24618493515939638,624.7171912273507,2.7650630474090576,2.6448426246643066,1.756,1.347,-0.169921875,1.756,1.347,-0.169921875
195,1644503023.9301565,516.0,565.0,0.12318484243451815,500.0,49.0,0.24618493515939638,623.1848424345181,2.7650630474090576,2.6448426246643066,1.756,1.347,-0.169921875,1.756,1.347,-0.169921875
196,1644503023.9392688,516.0,565.0,0.12318484243451815,500.0,49.0,0.24618493515939638,623.1848424345181,2.8051364421844482,2.604769229888916,1.756,1.347,-0.169921875,1.756,1.347,-0.169921875
197,1644503023.9428914,512.0,559.0,0.12318484243451815,500.0,47.0,0.23651453636043476,623.1848424345181,2.8051364421844482,2.604769229888916,1.756,1.347,-0.169921875,1.756,1.347,-0.169921875
198,1644503023.9510906,512.0,559.0,0.12318484243451815,500.0,47.0,0.23651453636043476,623.1848424345181,2.8051364421844482,2.604769229888916,1.756,1.347,-0.169921875,1.756,1.347,-0.169921875
199,1644503023.964652,512.0,559.0,0.12318484243451815,500.0,47.0,0.23651453636043476,623.1848424345181,2.9654300212860107,2.724989652633667,1.756,1.347,-0.169921875,1.756,1.347,-0.169921875
200,1644503023.9899225,512.0,559.0,0.11867815998182346,500.0,47.0,0.23651453636043476,618.6781599818235,3.125723123550415,2.7650630474090576,1.756,1.347,-0.169921875,1.756,1.347,-0.169921875
201,1644503024.004394,512.0,559.0,0.11867815998182346,500.0,47.0,0.23651453636043476,618.6781599818235,3.245943307876587,2.845209836959839,1.756,1.347,-0.169921875,1.756,1.347,-0.169921875
202,1644503024.0292418,511.0,561.0,0.11867815998182346,500.0,50.0,0.25100268664303466,618.6781599818235,3.245943307876587,2.8852832317352295,1.756,1.347,-0.169921875,1.756,1.347,-0.169921875
203,1644503024.038606,511.0,561.0,0.11867815998182346,500.0,50.0,0.25100268664303466,618.6781599818235,3.245943307876587,2.8852832317352295,1.756,1.347,-0.169921875,1.756,1.347,-0.169921875
204,1644503024.0414839,511.0,561.0,0.11867815998182346,500.0,50.0,0.25100268664303466,618.6781599818235,3.245943307876587,2.8852832317352295,1.756,1.347,-0.169921875,1.756,1.347,-0.169921875
205,1644503024.0621822,511.0,561.0,0.10967485244215652,500.0,50.0,0.25100268664303466,609.6748524421565,3.44631028175354,3.0055034160614014,1.756,1.347,-0.169921875,1.756,1.347,-0.169921875
206,1644503024.081493,511.0,561.0,0.10967485244215652,500.0,50.0,0.25100268664303466,609.6748524421565,3.526456832885742,3.1657965183258057,1.756,1.347,-0.169921875,1.756,1.347,-0.169921875
207,1644503024.096117,508.0,563.0,0.10967485244215652,500.0,55.0,0.27490984148067255,609.6748524421565,3.526456832885742,3.1657965183258057,1.756,1.347,-0.169921875,1.756,1.347,-0.169921875
208,1644503024.0989196,508.0,563.0,0.10967485244215652,500.0,55.0,0.27490984148067255,609.6748524421565,3.526456832885742,3.1657965183258057,1.756,1.347,-0.169921875,1.756,1.347,-0.169921875
209,1644503024.10193,508.0,563.0,0.10967485244215652,500.0,55.0,0.27490984148067255,609.6748524421565,3.6066036224365234,3.2058699131011963,1.756,1.347,-0.169921875,1.756,1.347,-0.169921875
210,1644503024.1265495,508.0,563.0,0.11889809584464114,500.0,55.0,0.27490984148067255,618.8980958446411,3.6066036224365234,3.2058699131011963,1.756,1.347,-0.169921875,1.756,1.347,-0.169921875
211,1644503024.1408417,508.0,563.0,0.11889809584464114,500.0,55.0,0.27490984148067255,618.8980958446411,3.766897201538086,3.245943307876587,1.756,1.347,-0.169921875,1.756,1.347,-0.169921875
212,1644503024.1438272,510.0,559.0,0.11889809584464114,500.0,49.0,0.24618493515939638,618.8980958446411,3.766897201538086,3.245943307876587,1.756,1.347,-0.169921875,1.756,1.347,-0.169921875
213,1644503024.15218,510.0,559.0,0.11889809584464114,500.0,49.0,0.24618493515939638,618.8980958446411,3.766897201538086,3.245943307876587,1.756,1.347,-0.169921875,1.756,1.347,-0.169921875
214,1644503024.1549256,510.0,559.0,0.11889809584464114,500.0,49.0,0.24618493515939638,618.8980958446411,3.766897201538086,3.245943307876587,1.756,1.347,-0.169921875,1.756,1.347,-0.169921875
215,1644503024.1964428,510.0,559.0,0.11457462316194597,500.0,49.0,0.24618493515939638,614.574623161946,3.766897201538086,3.366163492202759,1.756,1.347,-0.169921875,1.756,1.347,-0.169921875
216,1644503024.2496798,510.0,559.0,0.11577216838369134,500.0,49.0,0.24618493515939638,615.7721683836913,3.9271907806396484,3.526456832885742,1.756,1.347,-0.169921875,1.756,1.347,-0.169921875
217,1644503024.2697816,508.0,559.0,0.11577216838369134,500.0,51.0,0.25580856461537194,615.7721683836913,3.9271907806396484,3.4062368869781494,1.756,1.347,-0.169921875,1.756,1.347,-0.169921875
218,1644503024.2789273,508.0,558.0,0.11577216838369134,500.0,50.0,0.25100268664303466,615.7721683836913,4.04741096496582,3.446310043334961,1.756,1.347,-0.169921875,1.756,1.347,-0.169921875
219,1644503024.292988,508.0,558.0,0.11457462316194597,500.0,50.0,0.25100268664303466,614.574623161946,4.04741096496582,3.446310043334961,1.756,1.347,-0.169921875,1.756,1.347,-0.169921875
220,1644503024.3128555,508.0,558.0,0.11457462316194597,500.0,50.0,0.25100268664303466,614.574623161946,4.04741096496582,3.6867504119873047,1.756,1.347,-0.169921875,1.756,1.347,-0.169921875
221,1644503024.3211381,508.0,559.0,0.11457462316194597,500.0,51.0,0.25580856461537194,614.574623161946,4.04741096496582,3.6867504119873047,1.756,1.347,-0.169921875,1.756,1.347,-0.169921875
222,1644503024.3296988,508.0,559.0,0.11457462316194597,500.0,51.0,0.25580856461537194,614.574623161946,4.00733757019043,3.6867504119873047,1.756,1.347,-0.169921875,1.756,1.347,-0.169921875
223,1644503024.338006,508.0,559.0,0.11457462316194597,500.0,51.0,0.25580856461537194,614.574623161946,4.00733757019043,3.6867504119873047,1.756,1.347,-0.169921875,1.756,1.347,-0.169921875
224,1644503024.3470118,508.0,559.0,0.11457462316194597,500.0,51.0,0.25580856461537194,614.574623161946,4.087484359741211,3.646677017211914,1.756,1.347,-0.169921875,1.756,1.347,-0.169921875
225,1644503024.3500214,508.0,559.0,0.11457462316194597,500.0,51.0,0.25580856461537194,614.574623161946,4.087484359741211,3.646677017211914,1.756,1.347,-0.169921875,1.756,1.347,-0.169921875
226,1644503024.3638208,508.0,559.0,0.11695839738373798,500.0,51.0,0.25580856461537194,616.958397383738,4.207704067230225,3.646677017211914,1.756,1.347,-0.169921875,1.756,1.347,-0.169921875
227,1644503024.394127,508.0,559.0,0.10828632931917583,500.0,51.0,0.25580856461537194,608.2863293191758,4.167631149291992,3.8069705963134766,1.756,1.347,-0.169921875,1.756,1.347,-0.169921875
228,1644503024.425542,508.0,557.0,0.10320603400067649,500.0,49.0,0.24618493515939638,603.2060340006765,4.207704067230225,3.887117385864258,1.756,1.347,-0.169921875,1.756,1.347,-0.169921875
229,1644503024.4342318,504.0,557.0,0.10320603400067649,500.0,53.0,0.2653839938134022,603.2060340006765,4.207704067230225,3.887117385864258,1.756,1.347,-0.169921875,1.756,1.347,-0.169921875
230,1644503024.4426243,500.0,554.0,0.10320603400067649,500.0,54.0,0.270153199711405,603.2060340006765,4.287850856781006,3.967264175415039,1.756,1.347,-0.169921875,1.756,1.347,-0.169921875
231,1644503024.4513235,500.0,554.0,0.10320603400067649,500.0,54.0,0.270153199711405,603.2060340006765,4.287850856781006,3.967264175415039,1.756,1.347,-0.169921875,1.756,1.347,-0.169921875
232,1644503024.464763,500.0,554.0,0.10320603400067649,500.0,54.0,0.270153199711405,603.2060340006765,4.247777462005615,3.9271907806396484,1.756,1.347,-0.169921875,1.756,1.347,-0.169921875
233,1644503024.4736118,500.0,554.0,0.10320603400067649,500.0,54.0,0.270153199711405,603.2060340006765,4.247777462005615,3.9271907806396484,1.756,1.347,-0.169921875,1.756,1.347,-0.169921875
234,1644503024.493338,500.0,554.0,0.1007342042208777,500.0,54.0,0.270153199711405,600.7342042208777,4.247777462005615,3.9271907806396484,1.756,1.347,-0.169921875,1.756,1.347,-0.169921875
235,1644503024.5081036,500.0,554.0,0.10513349404443056,500.0,54.0,0.270153199711405,605.1334940444306,4.207704067230225,3.766897201538086,1.756,1.347,-0.169921875,1.756,1.347,-0.169921875
236,1644503024.5218933,500.0,556.0,0.10513349404443056,500.0,56.0,0.2796537543183254,605.1334940444306,4.247777462005615,3.847043991088867,1.756,1.347,-0.169921875,1.756,1.347,-0.169921875
237,1644503024.5250528,502.0,556.0,0.10513349404443056,500.0,54.0,0.270153199711405,605.1334940444306,4.247777462005615,3.847043991088867,1.756,1.347,-0.169921875,1.756,1.347,-0.169921875
238,1644503024.5337782,502.0,556.0,0.10513349404443056,500.0,54.0,0.270153199711405,605.1334940444306,4.367997646331787,4.087484359741211,1.756,1.347,-0.169921875,1.756,1.347,-0.169921875
239,1644503024.5508418,502.0,556.0,0.09812545633031972,500.0,54.0,0.270153199711405,598.1254563303197,4.488218307495117,4.127557754516602,1.756,1.347,-0.169921875,1.756,1.347,-0.169921875
240,1644503024.5658233,502.0,556.0,0.09812545633031972,500.0,54.0,0.270153199711405,598.1254563303197,4.367998123168945,3.967264175415039,1.756,1.347,-0.169921875,1.756,1.347,-0.169921875
241,1644503024.5844562,496.0,551.0,0.09812545633031972,500.0,55.0,0.27490984148067255,598.1254563303197,4.367998123168945,3.967264175415039,1.756,1.347,-0.169921875,1.756,1.347,-0.169921875
242,1644503024.6190543,496.0,551.0,0.09812545633031972,500.0,55.0,0.27490984148067255,598.1254563303197,4.367998123168945,4.04741096496582,1.756,1.347,-0.169921875,1.756,1.347,-0.169921875
243,1644503024.6223836,496.0,551.0,0.09812545633031972,500.0,55.0,0.27490984148067255,598.1254563303197,4.367998123168945,4.04741096496582,1.756,1.347,-0.169921875,1.756,1.347,-0.169921875
244,1644503024.6364985,496.0,551.0,0.09688959995027688,500.0,55.0,0.27490984148067255,596.8895999502769,4.408071517944336,4.087484359741211,1.756,1.347,-0.169921875,1.756,1.347,-0.169921875
245,1644503024.6556022,496.0,551.0,0.09688959995027688,500.0,55.0,0.27490984148067255,596.8895999502769,4.408071517944336,4.087484359741211,1.756,1.347,-0.169921875,1.756,1.347,-0.169921875
246,1644503024.681602,496.0,551.0,0.10608552972325094,500.0,55.0,0.27490984148067255,606.0855297232509,4.408071041107178,4.087484359741211,1.756,1.347,-0.169921875,1.756,1.347,-0.169921875
247,1644503024.6853101,496.0,551.0,0.10608552972325094,500.0,55.0,0.27490984148067255,606.0855297232509,4.408071041107178,4.087484359741211,1.756,1.347,-0.169921875,1.756,1.347,-0.169921875
248,1644503024.7155006,498.0,548.0,0.10608552972325094,500.0,50.0,0.25100268664303466,606.0855297232509,4.00733757019043,4.00733757019043,1.756,1.347,-0.169921875,1.756,1.347,-0.169921875
249,1644503024.7242987,498.0,548.0,0.10608552972325094,500.0,50.0,0.25100268664303466,606.0855297232509,3.887117385864258,4.167631149291992,1.756,1.347,-0.169921875,1.756,1.347,-0.169921875
250,1644503024.7390165,498.0,548.0,0.10153138631182412,500.0,50.0,0.25100268664303466,601.5313863118241,3.887117385864258,4.167631149291992,1.756,1.347,-0.169921875,1.756,1.347,-0.169921875
251,1644503024.7480955,498.0,548.0,0.10153138631182412,500.0,50.0,0.25100268664303466,601.5313863118241,3.7268238067626953,4.207704067230225,1.756,1.347,-0.169921875,1.756,1.347,-0.169921875
252,1644503024.7511945,497.0,550.0,0.10153138631182412,500.0,53.0,0.2653839938134022,601.5313863118241,3.7268238067626953,4.207704067230225,1.756,1.347,-0.169921875,1.756,1.347,-0.169921875
253,1644503024.7653942,497.0,550.0,0.10153138631182412,500.0,53.0,0.2653839938134022,601.5313863118241,3.566530227661133,4.127557754516602,1.756,1.347,-0.169921875,1.756,1.347,-0.169921875
254,1644503024.7802289,497.0,550.0,0.10153138631182412,500.0,53.0,0.2653839938134022,601.5313863118241,3.4062368869781494,4.087484359741211,1.756,1.347,-0.169921875,1.756,1.347,-0.169921875
255,1644503024.8050373,497.0,550.0,0.1051168658572069,500.0,53.0,0.2653839938134022,605.1168658572069,3.4062368869781494,4.087484359741211,1.756,1.347,-0.169921875,1.756,1.347,-0.169921875
256,1644503024.8258808,497.0,550.0,0.0898847169445736,500.0,53.0,0.2653839938134022,589.8847169445736,3.125723123550415,3.967264175415039,1.756,1.347,-0.169921875,1.756,1.347,-0.169921875
257,1644503024.8350372,497.0,547.0,0.0898847169445736,500.0,50.0,0.25100268664303466,589.8847169445736,3.125723123550415,3.967264175415039,1.756,1.347,-0.169921875,1.756,1.347,-0.169921875
258,1644503024.8656409,490.0,547.0,0.0898847169445736,500.0,57.0,0.28438477659385886,589.8847169445736,2.9654300212860107,3.967264175415039,1.756,1.347,-0.169921875,1.756,1.347,-0.169921875
259,1644503024.896589,490.0,547.0,0.08412571027052093,500.0,57.0,0.28438477659385886,584.1257102705209,2.8051364421844482,3.766897201538086,1.756,1.347,-0.169921875,1.756,1.347,-0.169921875
260,1644503024.9280367,490.0,547.0,0.08512652472254126,500.0,57.0,0.28438477659385886,585.1265247225413,2.5646960735321045,3.9271907806396484,1.756,1.347,-0.169921875,1.756,1.347,-0.169921875
261,1644503024.9527764,484.0,541.0,0.08512652472254126,500.0,57.0,0.28438477659385886,585.1265247225413,2.3643290996551514,3.6867504119873047,1.756,1.347,-0.169921875,1.756,1.347,-0.169921875
262,1644503024.9992628,480.0,533.0,0.08832898235598839,500.0,53.0,0.2653839938134022,588.3289823559884,2.28418231010437,3.7268238067626953,1.756,1.347,-0.169921875,1.756,1.347,-0.169921875
263,1644503025.0188448,480.0,533.0,0.08832898235598839,500.0,53.0,0.2653839938134022,588.3289823559884,2.4845492839813232,3.6867504119873047,1.756,1.347,-0.169921875,1.756,1.347,-0.169921875
264,1644503025.0222929,475.0,521.0,0.08832898235598839,500.0,46.0,0.23166225901704268,588.3289823559884,2.4845492839813232,3.6867504119873047,1.756,1.347,-0.169921875,1.756,1.347,-0.169921875
265,1644503025.0537004,475.0,521.0,0.08346255189441468,500.0,46.0,0.23166225901704268,583.4625518944147,3.045576333999634,3.526456832885742,1.756,1.347,-0.169921875,1.756,1.347,-0.169921875
266,1644503025.0627184,475.0,521.0,0.08346255189441468,500.0,46.0,0.23166225901704268,583.4625518944147,3.0856497287750244,3.4863836765289307,1.756,1.347,-0.169921875,1.756,1.347,-0.169921875
267,1644503025.091389,470.0,516.0,0.08346255189441468,500.0,46.0,0.23166225901704268,583.4625518944147,3.0856497287750244,3.4863836765289307,1.756,1.347,-0.169921875,1.756,1.347,-0.169921875
268,1644503025.1046884,470.0,516.0,0.08346255189441468,500.0,46.0,0.23166225901704268,583.4625518944147,3.0055034160614014,3.366163492202759,1.756,1.347,-0.169921875,1.756,1.347,-0.169921875
269,1644503025.1143296,470.0,516.0,0.08467009618102929,500.0,46.0,0.23166225901704268,584.6700961810293,3.0055034160614014,3.326090097427368,1.756,1.347,-0.169921875,1.756,1.347,-0.169921875
270,1644503025.1167338,470.0,516.0,0.08467009618102929,500.0,46.0,0.23166225901704268,584.6700961810293,3.0055034160614014,3.326090097427368,1.756,1.347,-0.169921875,1.756,1.347,-0.169921875
271,1644503025.1359942,469.0,513.0,0.08467009618102929,500.0,44.0,0.22192449595683528,584.6700961810293,3.125723123550415,3.566530227661133,1.756,1.347,-0.169921875,1.756,1.347,-0.169921875
272,1644503025.1500866,469.0,513.0,0.08467009618102929,500.0,44.0,0.22192449595683528,584.6700961810293,3.2058699131011963,3.7268238067626953,1.756,1.347,-0.169921875,1.756,1.347,-0.169921875
273,1644503025.1587088,469.0,513.0,0.08467009618102929,500.0,44.0,0.22192449595683528,584.6700961810293,3.2058699131011963,3.7268238067626953,1.756,1.347,-0.169921875,1.756,1.347,-0.169921875
274,1644503025.1839123,469.0,513.0,0.08054269361747038,500.0,44.0,0.22192449595683528,580.5426936174704,3.326090097427368,3.8069705963134766,1.756,1.347,-0.169921875,1.756,1.347,-0.169921875
275,1644503025.2090802,469.0,513.0,0.08896733138950072,500.0,44.0,0.22192449595683528,588.9673313895007,3.4062368869781494,3.847043991088867,1.756,1.347,-0.169921875,1.756,1.347,-0.169921875
276,1644503025.212928,467.0,513.0,0.08896733138950072,500.0,46.0,0.23166225901704268,588.9673313895007,3.4062368869781494,3.847043991088867,1.756,1.347,-0.169921875,1.756,1.347,-0.169921875
277,1644503025.227255,467.0,505.0,0.08896733138950072,500.0,38.0,0.19245976577634127,588.9673313895007,3.4062368869781494,3.847043991088867,1.756,1.347,-0.169921875,1.756,1.347,-0.169921875
278,1644503025.2319362,467.0,505.0,0.085014431117203,500.0,38.0,0.19245976577634127,585.014431117203,3.4062368869781494,3.847043991088867,1.756,1.347,-0.169921875,1.756,1.347,-0.169921875
279,1644503025.240439,467.0,505.0,0.085014431117203,500.0,38.0,0.19245976577634127,585.014431117203,3.4062368869781494,3.847043991088867,1.756,1.347,-0.169921875,1.756,1.347,-0.169921875
280,1644503025.2433536,464.0,503.0,0.085014431117203,500.0,39.0,0.19739555984988078,585.014431117203,3.326090097427368,3.8069705963134766,1.756,1.347,-0.169921875,1.756,1.347,-0.169921875
281,1644503025.2783465,464.0,503.0,0.085014431117203,500.0,39.0,0.19739555984988078,585.014431117203,3.4062368869781494,3.967264175415039,1.756,1.347,-0.169921875,1.756,1.347,-0.169921875
282,1644503025.3044038,464.0,503.0,0.08505369548269584,500.0,39.0,0.19739555984988078,585.0536954826958,3.566530227661133,4.127557754516602,1.756,1.347,-0.169921875,1.756,1.347,-0.169921875
283,1644503025.3077419,464.0,503.0,0.08505369548269584,500.0,39.0,0.19739555984988078,585.0536954826958,3.566530227661133,4.127557754516602,1.756,1.347,-0.169921875,1.756,1.347,-0.169921875
284,1644503025.3206065,462.0,499.0,0.08505369548269584,500.0,37.0,0.18751445852181417,585.0536954826958,3.566530227661133,4.127557754516602,1.756,1.347,-0.169921875,1.756,1.347,-0.169921875
285,1644503025.3292944,462.0,499.0,0.08505369548269584,500.0,37.0,0.18751445852181417,585.0536954826958,3.4863834381103516,4.167630672454834,1.756,1.347,-0.169921875,1.756,1.347,-0.169921875
286,1644503025.3488355,462.0,499.0,0.08505369548269584,500.0,37.0,0.18751445852181417,585.0536954826958,3.4062368869781494,4.127557754516602,1.756,1.347,-0.169921875,1.756,1.347,-0.169921875
287,1644503025.3576353,462.0,499.0,0.08983382802691392,500.0,37.0,0.18751445852181417,589.8338280269139,3.4062368869781494,4.127557754516602,1.756,1.347,-0.169921875,1.756,1.347,-0.169921875
288,1644503025.361241,462.0,499.0,0.08405139159621706,500.0,37.0,0.18751445852181417,584.0513915962171,3.526456832885742,4.04741096496582,1.756,1.347,-0.169921875,1.756,1.347,-0.169921875
289,1644503025.3691795,462.0,494.0,0.08405139159621706,500.0,32.0,0.16265284233076271,584.0513915962171,3.526456832885742,4.04741096496582,1.756,1.347,-0.169921875,1.756,1.347,-0.169921875
290,1644503025.3776262,459.0,494.0,0.08405139159621706,500.0,35.0,0.1775961672834879,584.0513915962171,3.526456832885742,4.04741096496582,1.756,1.347,-0.169921875,1.756,1.347,-0.169921875
291,1644503025.380587,459.0,494.0,0.08405139159621706,500.0,35.0,0.1775961672834879,584.0513915962171,3.526456832885742,4.04741096496582,1.756,1.347,-0.169921875,1.756,1.347,-0.169921875
292,1644503025.3828628,459.0,494.0,0.08405139159621706,500.0,35.0,0.1775961672834879,584.0513915962171,3.526456832885742,4.04741096496582,1.756,1.347,-0.169921875,1.756,1.347,-0.169921875
293,1644503025.3856015,459.0,494.0,0.08405139159621706,500.0,35.0,0.1775961672834879,584.0513915962171,3.526456832885742,4.127557754516602,1.756,1.347,-0.169921875,1.756,1.347,-0.169921875
294,1644503025.3886194,459.0,494.0,0.08405139159621706,500.0,35.0,0.1775961672834879,584.0513915962171,3.526456832885742,4.127557754516602,1.756,1.347,-0.169921875,1.756,1.347,-0.169921875
295,1644503025.3964107,459.0,494.0,0.08405139159621706,500.0,35.0,0.1775961672834879,584.0513915962171,3.526456832885742,4.127557754516602,1.756,1.347,-0.169921875,1.756,1.347,-0.169921875
296,1644503025.4041333,459.0,494.0,0.08405139159621706,500.0,35.0,0.1775961672834879,584.0513915962171,3.4863836765289307,4.247777462005615,1.756,1.347,-0.169921875,1.756,1.347,-0.169921875
297,1644503025.4069405,459.0,494.0,0.08405139159621706,500.0,35.0,0.1775961672834879,584.0513915962171,3.4863836765289307,4.247777462005615,1.756,1.347,-0.169921875,1.756,1.347,-0.169921875
298,1644503025.4334323,459.0,494.0,0.074244280647128,500.0,35.0,0.1775961672834879,574.244280647128,3.6066036224365234,4.3279242515563965,1.756,1.347,-0.169921875,1.756,1.347,-0.169921875
299,1644503025.458209,459.0,494.0,0.074244280647128,500.0,35.0,0.1775961672834879,574.244280647128,3.6867504119873047,4.287850856781006,1.756,1.347,-0.169921875,1.756,1.347,-0.169921875
300,1644503025.4899838,452.0,490.0,0.07810899981825298,500.0,38.0,0.19245976577634127,578.108999818253,3.566530227661133,4.247777462005615,1.756,1.347,-0.169921875,1.756,1.347,-0.169921875
301,1644503025.499118,452.0,490.0,0.07810899981825298,500.0,38.0,0.19245976577634127,578.108999818253,3.566530227661133,4.247777462005615,1.756,1.347,-0.169921875,1.756,1.347,-0.169921875
302,1644503025.5137508,452.0,486.0,0.06636106907857231,500.0,34.0,0.17262362124769967,566.3610690785723,3.566530227661133,4.247777462005615,1.756,1.347,-0.169921875,1.756,1.347,-0.169921875
303,1644503025.5224605,452.0,486.0,0.06636106907857231,500.0,34.0,0.17262362124769967,566.3610690785723,3.6066036224365234,4.3279242515563965,1.756,1.347,-0.169921875,1.756,1.347,-0.169921875
304,1644503025.5364194,446.0,486.0,0.06636106907857231,500.0,40.0,0.20232162837830373,566.3610690785723,3.6867504119873047,4.448144912719727,1.756,1.347,-0.169921875,1.756,1.347,-0.169921875
305,1644503025.5456915,446.0,486.0,0.06636106907857231,500.0,40.0,0.20232162837830373,566.3610690785723,3.6867504119873047,4.448144912719727,1.756,1.347,-0.169921875,1.756,1.347,-0.169921875
306,1644503025.5667467,446.0,486.0,0.06636106907857231,500.0,40.0,0.20232162837830373,566.3610690785723,3.646677017211914,4.3279242515563965,1.756,1.347,-0.169921875,1.756,1.347,-0.169921875
307,1644503025.5866358,446.0,486.0,0.06835169497869459,500.0,40.0,0.20232162837830373,568.3516949786946,3.646677017211914,4.3279242515563965,1.756,1.347,-0.169921875,1.756,1.347,-0.169921875
308,1644503025.6004965,446.0,486.0,0.06835169497869459,500.0,40.0,0.20232162837830373,568.3516949786946,3.766897201538086,4.3279242515563965,1.756,1.347,-0.169921875,1.756,1.347,-0.169921875
309,1644503025.6091187,445.0,482.0,0.06835169497869459,500.0,37.0,0.18751445852181417,568.3516949786946,3.766897201538086,4.3279242515563965,1.756,1.347,-0.169921875,1.756,1.347,-0.169921875
310,1644503025.634934,445.0,482.0,0.06442181250716487,500.0,37.0,0.18751445852181417,564.4218125071649,3.7268238067626953,4.3279242515563965,1.756,1.347,-0.169921875,1.756,1.347,-0.169921875
311,1644503025.6606708,445.0,482.0,0.06442181250716487,500.0,37.0,0.18751445852181417,564.4218125071649,3.0856502056121826,3.646677017211914,1.756,1.347,-0.169921875,1.756,1.347,-0.169921875
312,1644503025.6647456,441.0,478.0,0.06530221225411652,500.0,37.0,0.18751445852181417,565.3022122541165,3.0856502056121826,3.646677017211914,1.756,1.347,-0.169921875,1.756,1.347,-0.169921875
313,1644503025.6735008,441.0,478.0,0.06530221225411652,500.0,37.0,0.18751445852181417,565.3022122541165,3.0856502056121826,3.646677017211914,1.756,1.347,-0.169921875,1.756,1.347,-0.169921875
314,1644503025.6818204,439.0,473.0,0.06530221225411652,500.0,34.0,0.17262362124769967,565.3022122541165,2.9654300212860107,3.366163492202759,1.756,1.347,-0.169921875,1.756,1.347,-0.169921875
315,1644503025.6844952,439.0,473.0,0.06530221225411652,500.0,34.0,0.17262362124769967,565.3022122541165,2.9654300212860107,3.366163492202759,1.756,1.347,-0.169921875,1.756,1.347,-0.169921875
316,1644503025.7085335,439.0,473.0,0.06530221225411652,500.0,34.0,0.17262362124769967,565.3022122541165,2.9654300212860107,3.366163492202759,1.756,1.347,-0.169921875,1.756,1.347,-0.169921875
317,1644503025.7300432,439.0,473.0,0.07078403524191867,500.0,34.0,0.17262362124769967,570.7840352419187,2.6849162578582764,3.045576333999634,1.756,1.347,-0.169921875,1.756,1.347,-0.169921875
318,1644503025.7390928,439.0,473.0,0.07078403524191867,500.0,34.0,0.17262362124769967,570.7840352419187,2.6849162578582764,3.045576333999634,1.756,1.347,-0.169921875,1.756,1.347,-0.169921875
319,1644503025.747394,440.0,469.0,0.07078403524191867,500.0,29.0,0.14763587252075236,570.7840352419187,2.404402494430542,2.724989652633667,1.756,1.347,-0.169921875,1.756,1.347,-0.169921875
320,1644503025.7557638,440.0,469.0,0.07078403524191867,500.0,29.0,0.14763587252075236,570.7840352419187,2.404402494430542,2.724989652633667,1.756,1.347,-0.169921875,1.756,1.347,-0.169921875
321,1644503025.769725,440.0,469.0,0.07078403524191867,500.0,29.0,0.14763587252075236,570.7840352419187,2.1238887310028076,2.404402494430542,1.756,1.347,-0.169921875,1.756,1.347,-0.169921875
322,1644503025.7861164,440.0,469.0,0.07078403524191867,500.0,29.0,0.14763587252075236,570.7840352419187,2.1238887310028076,2.404402494430542,1.756,1.347,-0.169921875,1.756,1.347,-0.169921875
323,1644503025.8231428,440.0,469.0,0.058460340214376065,500.0,29.0,0.14763587252075236,558.4603402143761,1.4426416158676147,1.7231550216674805,1.756,1.347,-0.169921875,1.756,1.347,-0.169921875
324,1644503025.8320773,440.0,469.0,0.058460340214376065,500.0,29.0,0.14763587252075236,558.4603402143761,1.4426416158676147,1.7231550216674805,1.756,1.347,-0.169921875,1.756,1.347,-0.169921875
325,1644503025.8351765,433.0,468.0,0.058460340214376065,500.0,35.0,0.1775961672834879,558.4603402143761,1.4426416158676147,1.7231550216674805,1.756,1.347,-0.169921875,1.756,1.347,-0.169921875
326,1644503025.843142,433.0,468.0,0.058460340214376065,500.0,35.0,0.1775961672834879,558.4603402143761,1.2422746419906616,1.4827150106430054,1.756,1.347,-0.169921875,1.756,1.347,-0.169921875
327,1644503025.8511562,433.0,468.0,0.058460340214376065,500.0,35.0,0.1775961672834879,558.4603402143761,1.2422746419906616,1.4827150106430054,1.756,1.347,-0.169921875,1.756,1.347,-0.169921875
328,1644503025.8544967,433.0,468.0,0.058460340214376065,500.0,35.0,0.1775961672834879,558.4603402143761,1.2422746419906616,1.4827150106430054,1.756,1.347,-0.169921875,1.756,1.347,-0.169921875
329,1644503025.874264,433.0,468.0,0.061122886890908376,500.0,35.0,0.1775961672834879,561.1228868909084,1.1220544576644897,1.2422746419906616,1.756,1.347,-0.169921875,1.756,1.347,-0.169921875
330,1644503025.8937004,433.0,468.0,0.061122886890908376,500.0,35.0,0.1775961672834879,561.1228868909084,0.9617609977722168,0.9617609977722168,1.756,1.347,-0.169921875,1.756,1.347,-0.169921875
331,1644503025.9019465,432.0,463.0,0.061122886890908376,500.0,31.0,0.1576550624799266,561.1228868909084,0.9617609977722168,0.9617609977722168,1.756,1.347,-0.169921875,1.756,1.347,-0.169921875
332,1644503025.9046154,432.0,463.0,0.061122886890908376,500.0,31.0,0.1576550624799266,561.1228868909084,0.9617609977722168,0.9617609977722168,1.756,1.347,-0.169921875,1.756,1.347,-0.169921875
333,1644503025.9241467,432.0,463.0,0.0638601840052802,500.0,31.0,0.1576550624799266,563.8601840052802,0.5610272884368896,0.5610272884368896,1.756,1.347,-0.169921875,1.756,1.347,-0.169921875
334,1644503025.9369082,432.0,463.0,0.0638601840052802,500.0,31.0,0.1576550624799266,563.8601840052802,0.5610272884368896,0.5610272884368896,1.756,1.347,-0.169921875,1.756,1.347,-0.169921875
335,1644503025.9500566,433.0,462.0,0.0638601840052802,500.0,29.0,0.14763587252075236,563.8601840052802,0.7613940834999084,0.8014674782752991,1.756,1.347,-0.169921875,1.756,1.347,-0.169921875
336,1644503025.9638016,433.0,462.0,0.0638601840052802,500.0,29.0,0.14763587252075236,563.8601840052802,0.9216876029968262,1.041907787322998,1.756,1.347,-0.169921875,1.756,1.347,-0.169921875
337,1644503026.0132551,433.0,462.0,0.06398009639786756,500.0,29.0,0.14763587252075236,563.9800963978676,0.9617609977722168,1.3224213123321533,1.756,1.347,-0.169921875,1.756,1.347,-0.169921875
338,1644503026.0370054,433.0,462.0,0.06398009639786756,500.0,29.0,0.14763587252075236,563.9800963978676,1.1220544576644897,1.4827147722244263,1.756,1.347,-0.169921875,1.756,1.347,-0.169921875
339,1644503026.063875,434.0,463.0,0.06484930561051419,500.0,29.0,0.14763587252075236,564.8493056105142,1.4426413774490356,1.8033018112182617,1.756,1.347,-0.169921875,1.756,1.347,-0.169921875
340,1644503026.0986903,434.0,463.0,0.06484930561051419,500.0,29.0,0.14763587252075236,564.8493056105142,1.6029349565505981,1.9235219955444336,1.756,1.347,-0.169921875,1.756,1.347,-0.169921875
341,1644503026.1124828,434.0,463.0,0.06484930561051419,500.0,29.0,0.14763587252075236,564.8493056105142,1.7231550216674805,1.9635953903198242,1.756,1.347,-0.169921875,1.756,1.347,-0.169921875
342,1644503026.1537747,434.0,463.0,0.06309808321095978,500.0,29.0,0.14763587252075236,563.0980832109598,1.9235219955444336,2.1639623641967773,1.756,1.347,-0.169921875,1.756,1.347,-0.169921875
343,1644503026.1743653,434.0,463.0,0.06309808321095978,500.0,29.0,0.14763587252075236,563.0980832109598,2.0437421798706055,2.28418231010437,1.756,1.347,-0.169921875,1.756,1.347,-0.169921875
344,1644503026.1958034,434.0,463.0,0.0653963945493748,500.0,29.0,0.14763587252075236,565.3963945493748,2.1238889694213867,2.4444758892059326,1.756,1.347,-0.169921875,1.756,1.347,-0.169921875
345,1644503026.2148843,434.0,463.0,0.0653963945493748,500.0,29.0,0.14763587252075236,565.3963945493748,2.204035520553589,2.4845492839813232,1.756,1.347,-0.169921875,1.756,1.347,-0.169921875
346,1644503026.2236454,432.0,458.0,0.0653963945493748,500.0,26.0,0.13255153229667402,565.3963945493748,2.28418231010437,2.604769229888916,1.756,1.347,-0.169921875,1.756,1.347,-0.169921875
347,1644503026.2321992,432.0,458.0,0.0653963945493748,500.0,26.0,0.13255153229667402,565.3963945493748,2.28418231010437,2.604769229888916,1.756,1.347,-0.169921875,1.756,1.347,-0.169921875
348,1644503026.2710567,432.0,458.0,0.052495424689979926,500.0,26.0,0.13255153229667402,552.4954246899799,2.4444758892059326,2.845209836959839,1.756,1.347,-0.169921875,1.756,1.347,-0.169921875
349,1644503026.295365,432.0,458.0,0.052495424689979926,500.0,26.0,0.13255153229667402,552.4954246899799,2.524622678756714,2.92535662651062,1.756,1.347,-0.169921875,1.756,1.347,-0.169921875
350,1644503026.3046503,426.0,460.0,0.052495424689979926,500.0,34.0,0.17262362124769967,552.4954246899799,2.524622678756714,2.92535662651062,1.756,1.347,-0.169921875,1.756,1.347,-0.169921875
351,1644503026.3193033,426.0,460.0,0.056936332768641705,500.0,34.0,0.17262362124769967,556.9363327686417,2.524622678756714,2.92535662651062,1.756,1.347,-0.169921875,1.756,1.347,-0.169921875
352,1644503026.3337371,426.0,460.0,0.05508475111901191,500.0,34.0,0.17262362124769967,555.0847511190119,2.604769229888916,2.92535662651062,1.756,1.347,-0.169921875,1.756,1.347,-0.169921875
353,1644503026.3430037,426.0,455.0,0.05508475111901191,500.0,29.0,0.14763587252075236,555.0847511190119,2.6448426246643066,3.0055034160614014,1.756,1.347,-0.169921875,1.756,1.347,-0.169921875
354,1644503026.3457475,425.0,455.0,0.05508475111901191,500.0,30.0,0.15264932839526515,555.0847511190119,2.6448426246643066,3.0055034160614014,1.756,1.347,-0.169921875,1.756,1.347,-0.169921875
355,1644503026.3604786,425.0,455.0,0.06060550690360299,500.0,30.0,0.15264932839526515,560.605506903603,2.6849162578582764,3.125723123550415,1.756,1.347,-0.169921875,1.756,1.347,-0.169921875
356,1644503026.3637366,425.0,455.0,0.06060550690360299,500.0,30.0,0.15264932839526515,560.605506903603,2.6849162578582764,3.125723123550415,1.756,1.347,-0.169921875,1.756,1.347,-0.169921875
357,1644503026.3782728,428.0,455.0,0.06536179069273192,500.0,27.0,0.13758673647034986,565.3617906927319,2.6849162578582764,3.125723123550415,1.756,1.347,-0.169921875,1.756,1.347,-0.169921875
358,1644503026.3871834,428.0,455.0,0.06536179069273192,500.0,27.0,0.13758673647034986,565.3617906927319,2.8051364421844482,3.2058699131011963,1.756,1.347,-0.169921875,1.756,1.347,-0.169921875
359,1644503026.3954978,428.0,449.0,0.06536179069273192,500.0,21.0,0.10727885564840274,565.3617906927319,2.8051364421844482,3.2058699131011963,1.756,1.347,-0.169921875,1.756,1.347,-0.169921875
360,1644503026.398031,428.0,449.0,0.06536179069273192,500.0,21.0,0.10727885564840274,565.3617906927319,2.8051364421844482,3.2058699131011963,1.756,1.347,-0.169921875,1.756,1.347,-0.169921875
361,1644503026.4484165,428.0,449.0,0.051131264328409545,500.0,21.0,0.10727885564840274,551.1312643284095,3.045576333999634,3.44631028175354,1.756,1.347,-0.169921875,1.756,1.347,-0.169921875
362,1644503026.490833,428.0,449.0,0.05367165783623841,500.0,21.0,0.10727885564840274,553.6716578362384,3.0856497287750244,3.326090097427368,1.756,1.347,-0.169921875,1.756,1.347,-0.169921875
363,1644503026.504698,421.0,449.0,0.05367165783623841,500.0,28.0,0.14261492957058067,553.6716578362384,3.125723123550415,3.446310043334961,1.756,1.347,-0.169921875,1.756,1.347,-0.169921875
364,1644503026.5187793,421.0,448.0,0.05367165783623841,500.0,27.0,0.13758673647034986,553.6716578362384,3.125723123550415,3.446310043334961,1.756,1.347,-0.169921875,1.756,1.347,-0.169921875
365,1644503026.532576,421.0,448.0,0.05367165783623841,500.0,27.0,0.13758673647034986,553.6716578362384,3.125723123550415,3.446310043334961,1.756,1.347,-0.169921875,1.756,1.347,-0.169921875
366,1644503026.5471087,421.0,448.0,0.05530113504489396,500.0,27.0,0.13758673647034986,555.301135044894,3.245943307876587,3.566530227661133,1.756,1.347,-0.169921875,1.756,1.347,-0.169921875
367,1644503026.5768874,421.0,448.0,0.0,500.0,27.0,0.13758673647034986,548.0342383215351,3.125723123550415,3.1657965183258057,1.756,1.347,-0.169921875,1.756,1.347,-0.169921875
368,1644503026.591368,421.0,446.0,0.0,500.0,25.0,0.12750955821523827,548.0342383215351,3.1657965183258057,3.045576810836792,1.756,1.347,-0.169921875,1.756,1.347,-0.169921875
369,1644503026.5946121,417.0,446.0,0.0,500.0,29.0,0.14763587252075236,548.0342383215351,3.1657965183258057,3.045576810836792,1.756,1.347,-0.169921875,1.756,1.347,-0.169921875
370,1644503026.6257188,417.0,446.0,0.0,500.0,29.0,0.14763587252075236,547.5542923370874,3.2860167026519775,2.7650630474090576,1.756,1.347,-0.169921875,1.756,1.347,-0.169921875
371,1644503026.6345062,417.0,446.0,0.0,500.0,29.0,0.14763587252075236,547.5542923370874,3.326090097427368,2.604769468307495,1.756,1.347,-0.169921875,1.756,1.347,-0.169921875
372,1644503026.6428018,414.0,440.0,0.0,500.0,26.0,0.13255153229667402,547.5542923370874,3.326090097427368,2.404402494430542,1.756,1.347,-0.169921875,1.756,1.347,-0.169921875
373,1644503026.6614223,414.0,440.0,0.0,500.0,26.0,0.13255153229667402,547.5542923370874,3.326090097427368,2.404402494430542,1.756,1.347,-0.169921875,1.756,1.347,-0.169921875
374,1644503026.6710546,414.0,440.0,0.0,500.0,26.0,0.13255153229667402,547.5542923370874,3.2058699131011963,2.1238887310028076,1.756,1.347,-0.169921875,1.756,1.347,-0.169921875
375,1644503026.67954,414.0,440.0,0.0,500.0,26.0,0.13255153229667402,547.5542923370874,3.125723123550415,1.883448600769043,1.756,1.347,-0.169921875,1.756,1.347,-0.169921875
376,1644503026.7147436,414.0,440.0,0.0,500.0,26.0,0.13255153229667402,547.5542923370874,3.045576810836792,1.6830816268920898,1.756,1.347,-0.169921875,1.756,1.347,-0.169921875
377,1644503026.7463846,414.0,440.0,0.0,500.0,26.0,0.13255153229667402,547.8883248730964,2.9654300212860107,1.3624948263168335,1.756,1.347,-0.169921875,1.756,1.347,-0.169921875
378,1644503026.7550895,414.0,440.0,0.0,500.0,26.0,0.13255153229667402,547.8883248730964,2.9654300212860107,1.3624948263168335,1.756,1.347,-0.169921875,1.756,1.347,-0.169921875
379,1644503026.7741222,416.0,444.0,0.0,500.0,28.0,0.14261492957058067,547.8883248730964,3.045576333999634,1.2422746419906616,1.756,1.347,-0.169921875,1.756,1.347,-0.169921875
380,1644503026.7831676,416.0,444.0,0.0,500.0,28.0,0.14261492957058067,547.8883248730964,3.125723123550415,1.1220544576644897,1.756,1.347,-0.169921875,1.756,1.347,-0.169921875
381,1644503026.7918713,416.0,444.0,0.0,500.0,28.0,0.14261492957058067,547.8883248730964,3.125723123550415,1.1220544576644897,1.756,1.347,-0.169921875,1.756,1.347,-0.169921875
382,1644503026.8073783,416.0,444.0,0.0,500.0,28.0,0.14261492957058067,547.8883248730964,3.0856497287750244,0.9216876029968262,1.756,1.347,-0.169921875,1.756,1.347,-0.169921875
383,1644503026.8264709,416.0,444.0,0.0,500.0,28.0,0.14261492957058067,549.8680203045685,3.0856497287750244,0.9216876029968262,1.756,1.347,-0.169921875,1.756,1.347,-0.169921875
384,1644503026.8293736,416.0,444.0,0.0,500.0,28.0,0.14261492957058067,549.8680203045685,3.0856497287750244,0.9216876029968262,1.756,1.347,-0.169921875,1.756,1.347,-0.169921875
385,1644503026.8321257,418.0,446.0,0.0,500.0,28.0,0.14261492957058067,549.8680203045685,3.0856497287750244,0.9216876029968262,1.756,1.347,-0.169921875,1.756,1.347,-0.169921875
386,1644503026.8347461,418.0,446.0,0.0,500.0,28.0,0.14261492957058067,549.8680203045685,3.0856497287750244,0.9216876029968262,1.756,1.347,-0.169921875,1.756,1.347,-0.169921875
387,1644503026.8466213,418.0,446.0,0.0,500.0,28.0,0.14261492957058067,549.8680203045685,3.0055034160614014,0.8415408134460449,1.756,1.347,-0.169921875,1.756,1.347,-0.169921875
388,1644503026.8820398,418.0,446.0,0.055807106598984774,500.0,28.0,0.14261492957058067,555.8071065989848,2.92535662651062,0.8816142082214355,1.756,1.347,-0.169921875,1.756,1.347,-0.169921875
389,1644503026.8850574,418.0,446.0,0.055807106598984774,500.0,28.0,0.14261492957058067,555.8071065989848,2.92535662651062,0.8816142082214355,1.756,1.347,-0.169921875,1.756,1.347,-0.169921875
390,1644503026.9085422,424.0,452.0,0.055807106598984774,500.0,28.0,0.14261492957058067,555.8071065989848,2.92535662651062,1.1220544576644897,1.756,1.347,-0.169921875,1.756,1.347,-0.169921875
391,1644503026.9117239,424.0,452.0,0.055807106598984774,500.0,28.0,0.14261492957058067,555.8071065989848,2.92535662651062,1.1220544576644897,1.756,1.347,-0.169921875,1.756,1.347,-0.169921875
392,1644503026.9430168,424.0,452.0,0.054465699699847166,500.0,28.0,0.14261492957058067,554.4656996998472,2.845209836959839,1.6830816268920898,1.756,1.347,-0.169921875,1.756,1.347,-0.169921875
393,1644503026.9566748,424.0,452.0,0.054465699699847166,500.0,28.0,0.14261492957058067,554.4656996998472,2.845209836959839,1.6830816268920898,1.756,1.347,-0.169921875,1.756,1.347,-0.169921875
394,1644503026.9654155,428.0,462.0,0.054465699699847166,500.0,34.0,0.17262362124769967,554.4656996998472,2.92535662651062,1.8433752059936523,1.756,1.347,-0.169921875,1.756,1.347,-0.169921875
395,1644503026.975043,428.0,462.0,0.0,500.0,34.0,0.17262362124769967,544.7286242831906,2.92535662651062,1.8433752059936523,1.756,1.347,-0.169921875,1.756,1.347,-0.169921875
396,1644503027.013254,428.0,462.0,0.0,500.0,34.0,0.17262362124769967,544.7286242831906,2.92535662651062,2.083815574645996,1.756,1.347,-0.169921875,1.756,1.347,-0.169921875
397,1644503027.039156,427.0,470.0,0.0,500.0,43.0,0.2170393981582582,544.7286242831906,3.045576333999634,2.28418231010437,1.756,1.347,-0.169921875,1.756,1.347,-0.169921875
398,1644503027.0696406,427.0,470.0,0.054597106328340486,500.0,43.0,0.2170393981582582,554.5971063283405,3.2058699131011963,2.524622678756714,1.756,1.347,-0.169921875,1.756,1.347,-0.169921875
399,1644503027.087762,427.0,470.0,0.054597106328340486,500.0,43.0,0.2170393981582582,554.5971063283405,3.245943307876587,2.5646960735321045,1.756,1.347,-0.169921875,1.756,1.347,-0.169921875
400,1644503027.0912683,431.0,468.0,0.054597106328340486,500.0,37.0,0.18751445852181417,554.5971063283405,3.245943307876587,2.5646960735321045,1.756,1.347,-0.169921875,1.756,1.347,-0.169921875
401,1644503027.1294367,431.0,468.0,0.0,500.0,37.0,0.18751445852181417,539.6646777402505,3.366163492202759,2.524622678756714,1.756,1.347,-0.169921875,1.756,1.347,-0.169921875
402,1644503027.1434548,431.0,468.0,0.0,500.0,37.0,0.18751445852181417,539.6646777402505,3.366163492202759,2.524622678756714,1.756,1.347,-0.169921875,1.756,1.347,-0.169921875
403,1644503027.1573856,425.0,471.0,0.0,500.0,46.0,0.23166225901704268,539.6646777402505,3.44631028175354,2.524622678756714,1.756,1.347,-0.169921875,1.756,1.347,-0.169921875
404,1644503027.1686208,425.0,471.0,0.0,500.0,46.0,0.23166225901704268,534.2755242794123,3.4863836765289307,2.724989652633667,1.756,1.347,-0.169921875,1.756,1.347,-0.169921875
405,1644503027.177314,425.0,471.0,0.0,500.0,46.0,0.23166225901704268,534.2755242794123,3.4863836765289307,2.724989652633667,1.756,1.347,-0.169921875,1.756,1.347,-0.169921875
406,1644503027.191627,425.0,476.0,0.0,500.0,51.0,0.25580856461537194,534.2755242794123,3.4863836765289307,2.845209836959839,1.756,1.347,-0.169921875,1.756,1.347,-0.169921875
407,1644503027.1943002,425.0,476.0,0.0,500.0,51.0,0.25580856461537194,534.2755242794123,3.4863836765289307,2.845209836959839,1.756,1.347,-0.169921875,1.756,1.347,-0.169921875
408,1644503027.2075582,425.0,476.0,0.0,500.0,51.0,0.25580856461537194,534.2755242794123,3.326090097427368,2.845209836959839,1.756,1.347,-0.169921875,1.756,1.347,-0.169921875
409,1644503027.2213044,425.0,476.0,0.0,500.0,51.0,0.25580856461537194,534.2755242794123,3.125723123550415,2.7650630474090576,1.756,1.347,-0.169921875,1.756,1.347,-0.169921875
410,1644503027.243637,425.0,476.0,0.0,500.0,51.0,0.25580856461537194,537.4307604867072,3.125723123550415,2.7650630474090576,1.756,1.347,-0.169921875,1.756,1.347,-0.169921875
411,1644503027.2468202,425.0,476.0,0.0,500.0,51.0,0.25580856461537194,537.4307604867072,3.125723123550415,2.7650630474090576,1.756,1.347,-0.169921875,1.756,1.347,-0.169921875
412,1644503027.2808578,426.0,475.0,0.0,500.0,49.0,0.24618493515939638,537.4307604867072,2.8051364421844482,3.0055034160614014,1.756,1.347,-0.169921875,1.756,1.347,-0.169921875
413,1644503027.3074777,426.0,475.0,0.0,500.0,49.0,0.24618493515939638,538.606872243067,2.524622678756714,2.8051364421844482,1.756,1.347,-0.169921875,1.756,1.347,-0.169921875
414,1644503027.3271787,426.0,475.0,0.0,500.0,49.0,0.24618493515939638,538.606872243067,2.404402494430542,2.8852832317352295,1.756,1.347,-0.169921875,1.756,1.347,-0.169921875
415,1644503027.3359272,425.0,472.0,0.0,500.0,47.0,0.23651453636043476,538.606872243067,2.404402494430542,2.8852832317352295,1.756,1.347,-0.169921875,1.756,1.347,-0.169921875
416,1644503027.3388433,425.0,472.0,0.0,500.0,47.0,0.23651453636043476,538.606872243067,2.404402494430542,2.8852832317352295,1.756,1.347,-0.169921875,1.756,1.347,-0.169921875
417,1644503027.3470023,425.0,472.0,0.0,500.0,47.0,0.23651453636043476,538.606872243067,2.404402494430542,2.8852832317352295,1.756,1.347,-0.169921875,1.756,1.347,-0.169921875
418,1644503027.3675854,425.0,472.0,0.0,500.0,47.0,0.23651453636043476,536.4609112562556,2.28418231010437,3.045576810836792,1.756,1.347,-0.169921875,1.756,1.347,-0.169921875
419,1644503027.3813944,425.0,472.0,0.0,500.0,47.0,0.23651453636043476,532.34060623405,2.1639623641967773,3.045576810836792,1.756,1.347,-0.169921875,1.756,1.347,-0.169921875
420,1644503027.3957891,425.0,474.0,0.0,500.0,49.0,0.24618493515939638,532.34060623405,2.0437421798706055,3.045576810836792,1.756,1.347,-0.169921875,1.756,1.347,-0.169921875
421,1644503027.399672,423.0,474.0,0.0,500.0,51.0,0.25580856461537194,532.34060623405,1.9235219955444336,2.9654300212860107,1.756,1.347,-0.169921875,1.756,1.347,-0.169921875
422,1644503027.408311,423.0,474.0,0.0,500.0,51.0,0.25580856461537194,532.34060623405,1.9235219955444336,2.9654300212860107,1.756,1.347,-0.169921875,1.756,1.347,-0.169921875
423,1644503027.411113,423.0,474.0,0.0,500.0,51.0,0.25580856461537194,532.34060623405,1.9235219955444336,2.9654300212860107,1.756,1.347,-0.169921875,1.756,1.347,-0.169921875
424,1644503027.4254348,423.0,474.0,0.0,500.0,51.0,0.25580856461537194,535.7715333709914,1.8033018112182617,3.005502939224243,1.756,1.347,-0.169921875,1.756,1.347,-0.169921875
425,1644503027.4339914,423.0,474.0,0.0,500.0,51.0,0.25580856461537194,535.7715333709914,1.8033018112182617,3.005502939224243,1.756,1.347,-0.169921875,1.756,1.347,-0.169921875
426,1644503027.4533923,421.0,467.0,0.0,500.0,46.0,0.23166225901704268,535.7715333709914,1.6430082321166992,3.0856497287750244,1.756,1.347,-0.169921875,1.756,1.347,-0.169921875
427,1644503027.455202,421.0,467.0,0.0,500.0,46.0,0.23166225901704268,535.7715333709914,1.6430082321166992,3.0856497287750244,1.756,1.347,-0.169921875,1.756,1.347,-0.169921875
428,1644503027.45717,421.0,467.0,0.0,500.0,46.0,0.23166225901704268,535.7715333709914,1.6430082321166992,3.0856497287750244,1.756,1.347,-0.169921875,1.756,1.347,-0.169921875
429,1644503027.470134,421.0,467.0,0.0,500.0,46.0,0.23166225901704268,535.7715333709914,1.522788166999817,3.0856497287750244,1.756,1.347,-0.169921875,1.756,1.347,-0.169921875
430,1644503027.4894345,421.0,467.0,0.0,500.0,46.0,0.23166225901704268,535.8963131632838,1.4827147722244263,3.0055034160614014,1.756,1.347,-0.169921875,1.756,1.347,-0.169921875
431,1644503027.4917378,421.0,467.0,0.0,500.0,46.0,0.23166225901704268,535.8963131632838,1.4827147722244263,3.0055034160614014,1.756,1.347,-0.169921875,1.756,1.347,-0.169921875
432,1644503027.4999087,419.0,463.0,0.0,500.0,44.0,0.22192449595683528,535.8963131632838,1.4827147722244263,3.0055034160614014,1.756,1.347,-0.169921875,1.756,1.347,-0.169921875
433,1644503027.5192544,419.0,463.0,0.0,500.0,44.0,0.22192449595683528,535.8963131632838,2.1639623641967773,3.045576810836792,1.756,1.347,-0.169921875,1.756,1.347,-0.169921875
434,1644503027.5275135,419.0,463.0,0.0,500.0,44.0,0.22192449595683528,535.8963131632838,2.1639623641967773,3.045576810836792,1.756,1.347,-0.169921875,1.756,1.347,-0.169921875
435,1644503027.5302677,419.0,463.0,0.0,500.0,44.0,0.22192449595683528,535.8963131632838,2.1639623641967773,3.045576810836792,1.756,1.347,-0.169921875,1.756,1.347,-0.169921875
436,1644503027.5435073,419.0,463.0,0.0,500.0,44.0,0.22192449595683528,535.8963131632838,2.524622678756714,3.0055034160614014,1.756,1.347,-0.169921875,1.756,1.347,-0.169921875
437,1644503027.5680633,419.0,463.0,0.0,500.0,44.0,0.22192449595683528,521.0316453459502,2.8051364421844482,2.8852832317352295,1.756,1.347,-0.169921875,1.756,1.347,-0.169921875
438,1644503027.5714548,419.0,463.0,0.0,500.0,44.0,0.22192449595683528,521.0316453459502,2.8051364421844482,2.8852832317352295,1.756,1.347,-0.169921875,1.756,1.347,-0.169921875
439,1644503027.5954509,408.0,456.0,0.0,500.0,48.0,0.2413554905754038,521.0316453459502,3.0055034160614014,2.8051364421844482,1.756,1.347,-0.169921875,1.756,1.347,-0.169921875
440,1644503027.625931,408.0,456.0,0.0,500.0,48.0,0.2413554905754038,526.1743782963811,2.7650630474090576,3.005502939224243,1.756,1.347,-0.169921875,1.756,1.347,-0.169921875
441,1644503027.6549017,408.0,456.0,0.0,500.0,48.0,0.2413554905754038,526.1743782963811,2.8852832317352295,3.0856497287750244,1.756,1.347,-0.169921875,1.756,1.347,-0.169921875
442,1644503027.6741931,408.0,451.0,0.0,500.0,43.0,0.2170393981582582,523.2619281629678,3.0055034160614014,3.1657965183258057,1.756,1.347,-0.169921875,1.756,1.347,-0.169921875
443,1644503027.6831176,408.0,451.0,0.0,500.0,43.0,0.2170393981582582,523.2619281629678,3.0055034160614014,3.326090097427368,1.756,1.347,-0.169921875,1.756,1.347,-0.169921875
444,1644503027.7084022,404.0,446.0,0.0,500.0,42.0,0.2121437530044756,523.2619281629678,3.045576333999634,3.4863836765289307,1.756,1.347,-0.169921875,1.756,1.347,-0.169921875
445,1644503027.72259,404.0,446.0,0.0,500.0,42.0,0.2121437530044756,522.2843463817943,3.1657965183258057,3.44631028175354,1.756,1.347,-0.169921875,1.756,1.347,-0.169921875
446,1644503027.7529213,404.0,446.0,0.0,500.0,42.0,0.2121437530044756,522.2843463817943,3.2860167026519775,3.366163492202759,1.756,1.347,-0.169921875,1.756,1.347,-0.169921875
447,1644503027.7781372,403.0,445.0,0.0,500.0,42.0,0.2121437530044756,522.2843463817943,3.1657965183258057,3.4863834381103516,1.756,1.347,-0.169921875,1.756,1.347,-0.169921875
448,1644503027.7864532,403.0,445.0,0.0,500.0,42.0,0.2121437530044756,522.2843463817943,3.1657965183258057,3.6867504119873047,1.756,1.347,-0.169921875,1.756,1.347,-0.169921875
449,1644503027.794838,403.0,445.0,0.0,500.0,42.0,0.2121437530044756,510.35048167766786,3.1657965183258057,3.6867504119873047,1.756,1.347,-0.169921875,1.756,1.347,-0.169921875
450,1644503027.8092926,403.0,445.0,0.0,500.0,42.0,0.2121437530044756,516.4188556947524,3.1657965183258057,3.6867504119873047,1.756,1.347,-0.169921875,1.756,1.347,-0.169921875
451,1644503027.8128932,397.0,445.0,0.0,500.0,48.0,0.2413554905754038,516.4188556947524,3.1657965183258057,3.6867504119873047,1.756,1.347,-0.169921875,1.756,1.347,-0.169921875
452,1644503027.821782,397.0,439.0,0.0,500.0,42.0,0.2121437530044756,516.4188556947524,3.1657965183258057,3.6867504119873047,1.756,1.347,-0.169921875,1.756,1.347,-0.169921875
453,1644503027.8464813,397.0,439.0,0.0,500.0,42.0,0.2121437530044756,516.4188556947524,2.7650630474090576,3.847043991088867,1.756,1.347,-0.169921875,1.756,1.347,-0.169921875
454,1644503027.866025,397.0,439.0,0.0,500.0,42.0,0.2121437530044756,512.484897314766,2.5646960735321045,3.9271907806396484,1.756,1.347,-0.169921875,1.756,1.347,-0.169921875
455,1644503027.8734848,397.0,439.0,0.0,500.0,42.0,0.2121437530044756,512.484897314766,2.5646960735321045,3.9271907806396484,1.756,1.347,-0.169921875,1.756,1.347,-0.169921875
456,1644503027.9040587,395.0,439.0,0.0,500.0,44.0,0.22192449595683528,512.484897314766,2.28418231010437,3.8069705963134766,1.756,1.347,-0.169921875,1.756,1.347,-0.169921875
457,1644503027.9363816,395.0,439.0,0.0,500.0,44.0,0.22192449595683528,519.228164084573,2.1238887310028076,3.847043991088867,1.756,1.347,-0.169921875,1.756,1.347,-0.169921875
458,1644503028.0088603,395.0,439.0,0.0,500.0,44.0,0.22192449595683528,516.1366783136391,1.6830817461013794,3.7268238067626953,1.756,1.347,-0.169921875,1.756,1.347,-0.169921875
459,1644503028.0277145,395.0,432.0,0.0,500.0,37.0,0.18751445852181417,516.1366783136391,1.6029349565505981,3.6066036224365234,1.756,1.347,-0.169921875,1.756,1.347,-0.169921875
460,1644503028.040567,390.0,425.0,0.0,500.0,35.0,0.1775961672834879,516.1366783136391,1.6029349565505981,3.6066036224365234,1.756,1.347,-0.169921875,1.756,1.347,-0.169921875
461,1644503028.0655527,390.0,425.0,0.0,500.0,35.0,0.1775961672834879,522.9646119664811,1.6029349565505981,3.526456832885742,1.756,1.347,-0.169921875,1.756,1.347,-0.169921875
462,1644503028.0788167,390.0,425.0,0.0,500.0,35.0,0.1775961672834879,522.9646119664811,1.6029349565505981,3.526456832885742,1.756,1.347,-0.169921875,1.756,1.347,-0.169921875
463,1644503028.1082146,390.0,417.0,0.0,500.0,27.0,0.13758673647034986,508.26250865768804,1.522788166999817,3.44631028175354,1.756,1.347,-0.169921875,1.756,1.347,-0.169921875
464,1644503028.1105084,390.0,417.0,0.0,500.0,27.0,0.13758673647034986,508.26250865768804,1.522788166999817,3.44631028175354,1.756,1.347,-0.169921875,1.756,1.347,-0.169921875
465,1644503028.1361237,382.0,417.0,0.0,500.0,35.0,0.1775961672834879,512.5847681200354,1.4827150106430054,3.2860167026519775,1.756,1.347,-0.169921875,1.756,1.347,-0.169921875
466,1644503028.1451206,382.0,417.0,0.0,500.0,35.0,0.1775961672834879,512.5847681200354,2.0437421798706055,3.245943307876587,1.756,1.347,-0.169921875,1.756,1.347,-0.169921875
467,1644503028.153396,382.0,412.0,0.0,500.0,30.0,0.15264932839526515,512.5847681200354,2.0437421798706055,3.245943307876587,1.756,1.347,-0.169921875,1.756,1.347,-0.169921875
468,1644503028.1946516,382.0,412.0,0.0,500.0,30.0,0.15264932839526515,507.7925862495207,2.5646960735321045,3.0856497287750244,1.756,1.347,-0.169921875,1.756,1.347,-0.169921875
469,1644503028.2402346,382.0,412.0,0.0,500.0,30.0,0.15264932839526515,507.7925862495207,2.92535662651062,3.0856497287750244,1.756,1.347,-0.169921875,1.756,1.347,-0.169921875
470,1644503028.2489884,378.0,409.0,0.0,500.0,31.0,0.1576550624799266,511.0780135652848,2.8051364421844482,3.0856497287750244,1.756,1.347,-0.169921875,1.756,1.347,-0.169921875
471,1644503028.2633998,378.0,409.0,0.0,500.0,31.0,0.1576550624799266,511.0780135652848,2.8051364421844482,3.0856497287750244,1.756,1.347,-0.169921875,1.756,1.347,-0.169921875
472,1644503028.27126,378.0,405.0,0.0,500.0,27.0,0.13758673647034986,511.0780135652848,2.8051364421844482,3.0856497287750244,1.756,1.347,-0.169921875,1.756,1.347,-0.169921875
473,1644503028.3013937,378.0,405.0,0.0,500.0,27.0,0.13758673647034986,511.0780135652848,2.9654300212860107,3.245943307876587,1.756,1.347,-0.169921875,1.756,1.347,-0.169921875
474,1644503028.3144631,378.0,405.0,0.0,500.0,27.0,0.13758673647034986,517.7680341146057,2.9654300212860107,3.44631028175354,1.756,1.347,-0.169921875,1.756,1.347,-0.169921875
475,1644503028.3230412,378.0,405.0,0.0,500.0,27.0,0.13758673647034986,510.94313583034227,2.92535662651062,3.4062368869781494,1.756,1.347,-0.169921875,1.756,1.347,-0.169921875
476,1644503028.3419335,378.0,396.0,0.0,500.0,18.0,0.09204684886340674,510.94313583034227,2.9654295444488525,3.366163492202759,1.756,1.347,-0.169921875,1.756,1.347,-0.169921875
477,1644503028.3659632,374.0,396.0,0.0,500.0,22.0,0.11234545817437695,507.2224340497585,2.9654295444488525,3.366163492202759,1.756,1.347,-0.169921875,1.756,1.347,-0.169921875
478,1644503028.384548,374.0,396.0,0.0,500.0,22.0,0.11234545817437695,507.2224340497585,3.125723123550415,3.6066036224365234,1.756,1.347,-0.169921875,1.756,1.347,-0.169921875
479,1644503028.3926878,371.0,394.0,0.0,500.0,23.0,0.11740627505496065,507.2224340497585,3.125723123550415,3.6066036224365234,1.756,1.347,-0.169921875,1.756,1.347,-0.169921875
480,1644503028.4062297,371.0,394.0,0.0,500.0,23.0,0.11740627505496065,505.47822315822845,3.0856497287750244,3.6867504119873047,1.756,1.347,-0.169921875,1.756,1.347,-0.169921875
481,1644503028.4481232,371.0,394.0,0.0,500.0,23.0,0.11740627505496065,503.9402647070515,3.0856497287750244,3.847043991088867,1.756,1.347,-0.169921875,1.756,1.347,-0.169921875
482,1644503028.456036,370.0,394.0,0.0,500.0,24.0,0.12246105741734142,503.9402647070515,3.0856497287750244,3.847043991088867,1.756,1.347,-0.169921875,1.756,1.347,-0.169921875
483,1644503028.46963,370.0,396.0,0.0,500.0,26.0,0.13255153229667402,503.9402647070515,3.125723123550415,3.887117385864258,1.756,1.347,-0.169921875,1.756,1.347,-0.169921875
484,1644503028.5165186,370.0,396.0,0.0,500.0,26.0,0.13255153229667402,501.5081791145739,3.125723123550415,3.8069705963134766,1.756,1.347,-0.169921875,1.756,1.347,-0.169921875
485,1644503028.5199816,370.0,396.0,0.0,500.0,26.0,0.13255153229667402,501.5081791145739,3.125723123550415,3.8069705963134766,1.756,1.347,-0.169921875,1.756,1.347,-0.169921875
486,1644503028.528207,366.0,390.0,0.0,500.0,24.0,0.12246105741734142,501.5081791145739,3.1657965183258057,3.967264175415039,1.756,1.347,-0.169921875,1.756,1.347,-0.169921875
487,1644503028.5447726,366.0,390.0,0.0,500.0,24.0,0.12246105741734142,503.1403732716787,3.2860167026519775,3.967264175415039,1.756,1.347,-0.169921875,1.756,1.347,-0.169921875
488,1644503028.5476468,366.0,390.0,0.0,500.0,24.0,0.12246105741734142,503.1403732716787,3.2860167026519775,3.967264175415039,1.756,1.347,-0.169921875,1.756,1.347,-0.169921875
489,1644503028.5607703,364.0,383.0,0.0,500.0,19.0,0.09712929786810859,503.1403732716787,3.2860167026519775,3.967264175415039,1.756,1.347,-0.169921875,1.756,1.347,-0.169921875
490,1644503028.596233,364.0,383.0,0.0,500.0,19.0,0.09712929786810859,503.1403732716787,3.245943307876587,4.00733757019043,1.756,1.347,-0.169921875,1.756,1.347,-0.169921875
491,1644503028.5987458,364.0,383.0,0.0,500.0,19.0,0.09712929786810859,503.1403732716787,3.245943307876587,4.00733757019043,1.756,1.347,-0.169921875,1.756,1.347,-0.169921875
492,1644503028.6014464,364.0,383.0,0.0,500.0,19.0,0.09712929786810859,503.1403732716787,3.245943307876587,4.00733757019043,1.756,1.347,-0.169921875,1.756,1.347,-0.169921875
493,1644503028.610428,364.0,383.0,0.0,500.0,19.0,0.09712929786810859,501.4463667090943,3.2058699131011963,4.00733757019043,1.756,1.347,-0.169921875,1.756,1.347,-0.169921875
494,1644503028.6508174,364.0,383.0,0.0,500.0,19.0,0.09712929786810859,501.4463667090943,3.2860167026519775,3.9271907806396484,1.756,1.347,-0.169921875,1.756,1.347,-0.169921875
495,1644503028.6651354,363.0,383.0,0.0,500.0,20.0,0.10220671810725354,501.4463667090943,3.2860167026519775,4.04741096496582,1.756,1.347,-0.169921875,1.756,1.347,-0.169921875
496,1644503028.6684933,363.0,383.0,0.0,500.0,20.0,0.10220671810725354,501.4463667090943,3.2860167026519775,4.04741096496582,1.756,1.347,-0.169921875,1.756,1.347,-0.169921875
497,1644503028.6832678,363.0,383.0,0.0,500.0,20.0,0.10220671810725354,501.1497999576607,3.2058699131011963,4.00733757019043,1.756,1.347,-0.169921875,1.756,1.347,-0.169921875
498,1644503028.7140794,363.0,383.0,0.0,500.0,20.0,0.10220671810725354,501.1497999576607,3.2860167026519775,3.967264175415039,1.756,1.347,-0.169921875,1.756,1.347,-0.169921875
499,1644503028.7422104,363.0,381.0,0.0,500.0,18.0,0.09204684886340674,510.8671509322549,3.1657965183258057,3.766897201538086,1.756,1.347,-0.169921875,1.756,1.347,-0.169921875
500,1644503028.7671123,363.0,381.0,0.0,500.0,18.0,0.09204684886340674,510.8671509322549,2.845209836959839,3.2860167026519775,1.756,1.347,-0.169921875,1.756,1.347,-0.169921875
501,1644503028.7754374,366.0,376.0,0.0,500.0,10.0,0.05123716740341881,510.8671509322549,2.845209836959839,3.2860167026519775,1.756,1.347,-0.169921875,1.756,1.347,-0.169921875
502,1644503028.795471,366.0,376.0,0.0,500.0,10.0,0.05123716740341881,512.546788862984,2.6448428630828857,3.0856497287750244,1.756,1.347,-0.169921875,1.756,1.347,-0.169921875
503,1644503028.818964,366.0,376.0,0.0,500.0,10.0,0.05123716740341881,511.00091638211273,2.4845492839813232,2.9654300212860107,1.756,1.347,-0.169921875,1.756,1.347,-0.169921875
504,1644503028.8429163,366.0,373.0,0.0,500.0,7.0,0.03588202835315739,511.00091638211273,2.3643290996551514,2.7650630474090576,1.756,1.347,-0.169921875,1.756,1.347,-0.169921875
