Full Time,5.105826139450073
Full Distance,635
Base Speed,2.5
oint,error[mm],angle[rad],distance[mm],rw_speed[rad/s],lw_speeed[rad/s],pozyx_x_1,pozyx_y_1,pozyx_rot_y_1,pozyx_x_2,pozyx_y_2,pozyx_rot_2
0,1644503889.5713477,183.0,124.0,-0.16553630231072408,500.0,-59.0,-0.2938075188738025,334.46369768927593,0.0,0.0,1.821,1.348,-0.169921875,1.821,1.348,-0.169921875
1,1644503889.600537,183.0,124.0,-0.1499358630193604,500.0,-59.0,-0.2938075188738025,350.0641369806396,0.0,0.0,1.821,1.348,-0.169921875,1.821,1.348,-0.169921875
2,1644503889.6049001,183.0,124.0,-0.1499358630193604,500.0,-59.0,-0.2938075188738025,350.0641369806396,0.0,0.0,1.821,1.348,-0.169921875,1.821,1.348,-0.169921875
3,1644503889.622816,190.0,125.0,-0.1499358630193604,500.0,-65.0,-0.3217505543966422,350.0641369806396,0.0,0.0,1.821,1.348,-0.169921875,1.821,1.348,-0.169921875
4,1644503889.6429558,190.0,125.0,-0.1499358630193604,500.0,-65.0,-0.3217505543966422,350.0641369806396,0.0,0.0,1.821,1.348,-0.169921875,1.821,1.348,-0.169921875
5,1644503889.6472476,190.0,125.0,-0.16560667417498365,500.0,-65.0,-0.3217505543966422,334.39332582501635,0.0,0.0,1.821,1.348,-0.169921875,1.821,1.348,-0.169921875
6,1644503889.6549294,190.0,125.0,-0.16560667417498365,500.0,-65.0,-0.3217505543966422,334.39332582501635,0.0,0.0,1.821,1.348,-0.169921875,1.821,1.348,-0.169921875
7,1644503889.657606,173.0,126.0,-0.16560667417498365,500.0,-47.0,-0.23651453636043476,334.39332582501635,0.0,0.0,1.821,1.348,-0.169921875,1.821,1.348,-0.169921875
8,1644503889.6661904,173.0,126.0,-0.16560667417498365,500.0,-47.0,-0.23651453636043476,334.39332582501635,0.0,0.0,1.821,1.348,-0.169921875,1.821,1.348,-0.169921875
9,1644503889.669422,173.0,126.0,-0.16560667417498365,500.0,-47.0,-0.23651453636043476,334.39332582501635,0.0,0.0,1.821,1.348,-0.169921875,1.821,1.348,-0.169921875
10,1644503889.6774743,173.0,126.0,-0.16560667417498365,500.0,-47.0,-0.23651453636043476,334.39332582501635,0.0,0.0,1.821,1.348,-0.169921875,1.821,1.348,-0.169921875
11,1644503889.680475,173.0,126.0,-0.16560667417498365,500.0,-47.0,-0.23651453636043476,334.39332582501635,0.0,0.0,1.821,1.348,-0.169921875,1.821,1.348,-0.169921875
12,1644503889.6829758,173.0,126.0,-0.16560667417498365,500.0,-47.0,-0.23651453636043476,334.39332582501635,0.0,0.0,1.821,1.348,-0.169921875,1.821,1.348,-0.169921875
13,1644503889.695682,173.0,126.0,-0.16560667417498365,500.0,-47.0,-0.23651453636043476,334.39332582501635,0.1202201247215271,0.08014675229787827,1.821,1.348,-0.169921875,1.821,1.348,-0.169921875
14,1644503889.7097394,173.0,126.0,-0.16560667417498365,500.0,-47.0,-0.23651453636043476,334.39332582501635,0.1202201247215271,0.08014675229787827,1.821,1.348,-0.169921875,1.821,1.348,-0.169921875
15,1644503889.7134743,173.0,126.0,-0.16560667417498365,500.0,-47.0,-0.23651453636043476,334.39332582501635,0.1202201247215271,0.08014675229787827,1.821,1.348,-0.169921875,1.821,1.348,-0.169921875
16,1644503889.7277184,173.0,126.0,-0.15267452974318246,500.0,-47.0,-0.23651453636043476,347.32547025681754,0.9617609977722168,1.1621278524398804,1.821,1.348,-0.169921875,1.821,1.348,-0.169921875
17,1644503889.7413201,173.0,126.0,-0.15267452974318246,500.0,-47.0,-0.23651453636043476,347.32547025681754,0.9617609977722168,1.1621278524398804,1.821,1.348,-0.169921875,1.821,1.348,-0.169921875
18,1644503889.7446003,187.0,123.0,-0.15267452974318246,500.0,-64.0,-0.3171280911719838,347.32547025681754,0.9617609977722168,1.1621278524398804,1.821,1.348,-0.169921875,1.821,1.348,-0.169921875
19,1644503889.753276,187.0,123.0,-0.15267452974318246,500.0,-64.0,-0.3171280911719838,347.32547025681754,1.041907787322998,1.2823479175567627,1.821,1.348,-0.169921875,1.821,1.348,-0.169921875
20,1644503889.756959,187.0,123.0,-0.15267452974318246,500.0,-64.0,-0.3171280911719838,347.32547025681754,1.402567982673645,1.4426413774490356,1.821,1.348,-0.169921875,1.821,1.348,-0.169921875
21,1644503889.76513,187.0,123.0,-0.15267452974318246,500.0,-64.0,-0.3171280911719838,347.32547025681754,1.402567982673645,1.4426413774490356,1.821,1.348,-0.169921875,1.821,1.348,-0.169921875
22,1644503889.7684371,187.0,123.0,-0.15267452974318246,500.0,-64.0,-0.3171280911719838,347.32547025681754,1.402567982673645,1.4426413774490356,1.821,1.348,-0.169921875,1.821,1.348,-0.169921875
23,1644503889.787391,187.0,123.0,-0.1528963510884618,500.0,-64.0,-0.3171280911719838,347.1036489115382,1.7231550216674805,1.763228416442871,1.821,1.348,-0.169921875,1.821,1.348,-0.169921875
24,1644503889.812063,187.0,123.0,-0.16646478093443984,500.0,-64.0,-0.3171280911719838,333.53521906556017,1.8433752059936523,1.9235219955444336,1.821,1.348,-0.169921875,1.821,1.348,-0.169921875
25,1644503889.8198948,187.0,121.0,-0.16646478093443984,500.0,-66.0,-0.3263588167067627,333.53521906556017,2.28418231010437,2.404402494430542,1.821,1.348,-0.169921875,1.821,1.348,-0.169921875
26,1644503889.8229804,172.0,121.0,-0.16646478093443984,500.0,-51.0,-0.25580856461537194,333.53521906556017,2.28418231010437,2.404402494430542,1.821,1.348,-0.169921875,1.821,1.348,-0.169921875
27,1644503889.842919,172.0,121.0,-0.14697372029071165,500.0,-51.0,-0.25580856461537194,353.02627970928836,2.404402494430542,2.524622678756714,1.821,1.348,-0.169921875,1.821,1.348,-0.169921875
28,1644503889.8452718,172.0,121.0,-0.14697372029071165,500.0,-51.0,-0.25580856461537194,353.02627970928836,2.404402494430542,2.524622678756714,1.821,1.348,-0.169921875,1.821,1.348,-0.169921875
29,1644503889.852665,193.0,129.0,-0.14697372029071165,500.0,-64.0,-0.3171280911719838,353.02627970928836,2.404402494430542,2.524622678756714,1.821,1.348,-0.169921875,1.821,1.348,-0.169921875
30,1644503889.871785,193.0,129.0,-0.14697372029071165,500.0,-64.0,-0.3171280911719838,353.02627970928836,2.5646958351135254,2.5646960735321045,1.821,1.348,-0.169921875,1.821,1.348,-0.169921875
31,1644503889.879685,193.0,129.0,-0.14697372029071165,500.0,-64.0,-0.3171280911719838,353.02627970928836,2.724989652633667,2.6849162578582764,1.821,1.348,-0.169921875,1.821,1.348,-0.169921875
32,1644503889.8882532,193.0,129.0,-0.14697372029071165,500.0,-64.0,-0.3171280911719838,353.02627970928836,2.724989652633667,2.6849162578582764,1.821,1.348,-0.169921875,1.821,1.348,-0.169921875
33,1644503889.9139638,193.0,129.0,-0.16278569312076197,500.0,-64.0,-0.3171280911719838,337.21430687923805,2.845209836959839,2.724989652633667,1.821,1.348,-0.169921875,1.821,1.348,-0.169921875
34,1644503889.9331727,193.0,129.0,-0.16278569312076197,500.0,-64.0,-0.3171280911719838,337.21430687923805,3.045576333999634,3.1657965183258057,1.821,1.348,-0.169921875,1.821,1.348,-0.169921875
35,1644503889.9364448,176.0,131.0,-0.16278569312076197,500.0,-45.0,-0.2267988480538859,337.21430687923805,3.045576333999634,3.1657965183258057,1.821,1.348,-0.169921875,1.821,1.348,-0.169921875
36,1644503889.9449723,176.0,131.0,-0.16278569312076197,500.0,-45.0,-0.2267988480538859,337.21430687923805,3.125723123550415,3.326090097427368,1.821,1.348,-0.169921875,1.821,1.348,-0.169921875
37,1644503889.9593554,176.0,131.0,-0.16273390856465142,500.0,-45.0,-0.2267988480538859,337.2660914353486,3.125723123550415,3.326090097427368,1.821,1.348,-0.169921875,1.821,1.348,-0.169921875
38,1644503889.9625626,176.0,131.0,-0.16273390856465142,500.0,-45.0,-0.2267988480538859,337.2660914353486,3.125723123550415,3.326090097427368,1.821,1.348,-0.169921875,1.821,1.348,-0.169921875
39,1644503889.9754992,176.0,130.0,-0.16273390856465142,500.0,-46.0,-0.23166225901704268,337.2660914353486,3.245943307876587,3.44631028175354,1.821,1.348,-0.169921875,1.821,1.348,-0.169921875
40,1644503889.9783137,176.0,130.0,-0.16273390856465142,500.0,-46.0,-0.23166225901704268,337.2660914353486,3.245943307876587,3.44631028175354,1.821,1.348,-0.169921875,1.821,1.348,-0.169921875
41,1644503890.0019333,176.0,130.0,-0.15873226873217494,500.0,-46.0,-0.23166225901704268,341.26773126782507,3.526456832885742,3.766897201538086,1.821,1.348,-0.169921875,1.821,1.348,-0.169921875
42,1644503890.0158129,176.0,130.0,-0.15873226873217494,500.0,-46.0,-0.23166225901704268,341.26773126782507,3.526456832885742,3.766897201538086,1.821,1.348,-0.169921875,1.821,1.348,-0.169921875
43,1644503890.0472698,180.0,130.0,-0.15195289559422287,500.0,-50.0,-0.25100268664303466,348.04710440577713,3.6867504119873047,3.8069705963134766,1.821,1.348,-0.169921875,1.821,1.348,-0.169921875
44,1644503890.0720818,180.0,130.0,-0.15195289559422287,500.0,-50.0,-0.25100268664303466,348.04710440577713,3.887117385864258,3.9271907806396484,1.821,1.348,-0.169921875,1.821,1.348,-0.169921875
45,1644503890.0755353,187.0,136.0,-0.15195289559422287,500.0,-51.0,-0.25580856461537194,348.04710440577713,3.887117385864258,3.9271907806396484,1.821,1.348,-0.169921875,1.821,1.348,-0.169921875
46,1644503890.078266,187.0,136.0,-0.15195289559422287,500.0,-51.0,-0.25580856461537194,348.04710440577713,3.887117385864258,3.9271907806396484,1.821,1.348,-0.169921875,1.821,1.348,-0.169921875
47,1644503890.0926669,187.0,136.0,-0.15195289559422287,500.0,-51.0,-0.25580856461537194,348.04710440577713,3.887117385864258,4.127557754516602,1.821,1.348,-0.169921875,1.821,1.348,-0.169921875
48,1644503890.0967095,187.0,136.0,-0.15195289559422287,500.0,-51.0,-0.25580856461537194,348.04710440577713,3.9271907806396484,4.127557754516602,1.821,1.348,-0.169921875,1.821,1.348,-0.169921875
49,1644503890.1002347,187.0,136.0,-0.15195289559422287,500.0,-51.0,-0.25580856461537194,348.04710440577713,3.9271907806396484,4.127557754516602,1.821,1.348,-0.169921875,1.821,1.348,-0.169921875
50,1644503890.10824,187.0,136.0,-0.15195289559422287,500.0,-51.0,-0.25580856461537194,348.04710440577713,3.9271907806396484,4.127557754516602,1.821,1.348,-0.169921875,1.821,1.348,-0.169921875
51,1644503890.1275113,187.0,136.0,-0.15195289559422287,500.0,-51.0,-0.25580856461537194,348.04710440577713,4.00733757019043,4.167631149291992,1.821,1.348,-0.169921875,1.821,1.348,-0.169921875
52,1644503890.140596,187.0,136.0,-0.15195289559422287,500.0,-51.0,-0.25580856461537194,348.04710440577713,4.00733757019043,4.167631149291992,1.821,1.348,-0.169921875,1.821,1.348,-0.169921875
53,1644503890.1445727,187.0,136.0,-0.15195289559422287,500.0,-51.0,-0.25580856461537194,348.04710440577713,4.00733757019043,4.167631149291992,1.821,1.348,-0.169921875,1.821,1.348,-0.169921875
54,1644503890.1617258,187.0,136.0,-0.1539407472520249,500.0,-51.0,-0.25580856461537194,346.0592527479751,4.207704067230225,4.408071517944336,1.821,1.348,-0.169921875,1.821,1.348,-0.169921875
55,1644503890.1914136,187.0,136.0,-0.1539407472520249,500.0,-51.0,-0.25580856461537194,346.0592527479751,4.287850856781006,4.608438014984131,1.821,1.348,-0.169921875,1.821,1.348,-0.169921875
56,1644503890.2204282,187.0,138.0,-0.14444778795425334,500.0,-49.0,-0.24618493515939638,355.55221204574667,4.408071517944336,4.768731594085693,1.821,1.348,-0.169921875,1.821,1.348,-0.169921875
57,1644503890.228786,187.0,138.0,-0.14444778795425334,500.0,-49.0,-0.24618493515939638,355.55221204574667,4.528291702270508,4.888951778411865,1.821,1.348,-0.169921875,1.821,1.348,-0.169921875
58,1644503890.2319665,195.0,138.0,-0.14444778795425334,500.0,-57.0,-0.28438477659385886,355.55221204574667,4.528291702270508,4.888951778411865,1.821,1.348,-0.169921875,1.821,1.348,-0.169921875
59,1644503890.2398434,195.0,138.0,-0.14423229523882117,500.0,-57.0,-0.28438477659385886,355.76770476117883,4.608438014984131,4.9690985679626465,1.821,1.348,-0.169921875,1.821,1.348,-0.169921875
60,1644503890.2423189,195.0,138.0,-0.14423229523882117,500.0,-57.0,-0.28438477659385886,355.76770476117883,4.608438014984131,4.9690985679626465,1.821,1.348,-0.169921875,1.821,1.348,-0.169921875
61,1644503890.2449572,195.0,143.0,-0.14423229523882117,500.0,-52.0,-0.26060239174734096,355.76770476117883,4.608438014984131,4.9690985679626465,1.821,1.348,-0.169921875,1.821,1.348,-0.169921875
62,1644503890.2529287,195.0,143.0,-0.14423229523882117,500.0,-52.0,-0.26060239174734096,355.76770476117883,4.608438014984131,4.9690985679626465,1.821,1.348,-0.169921875,1.821,1.348,-0.169921875
63,1644503890.2607834,195.0,143.0,-0.1432297700103374,500.0,-52.0,-0.26060239174734096,356.7702299896626,4.608438014984131,4.9690985679626465,1.821,1.348,-0.169921875,1.821,1.348,-0.169921875
64,1644503890.291812,195.0,143.0,-0.1432297700103374,500.0,-52.0,-0.26060239174734096,356.7702299896626,4.808804988861084,5.049245357513428,1.821,1.348,-0.169921875,1.821,1.348,-0.169921875
65,1644503890.30011,196.0,147.0,-0.1432297700103374,500.0,-49.0,-0.24618493515939638,356.7702299896626,4.848878383636475,5.209538459777832,1.821,1.348,-0.169921875,1.821,1.348,-0.169921875
66,1644503890.308823,196.0,147.0,-0.1432297700103374,500.0,-49.0,-0.24618493515939638,356.7702299896626,4.848878383636475,5.209538459777832,1.821,1.348,-0.169921875,1.821,1.348,-0.169921875
67,1644503890.3226402,196.0,147.0,-0.1432297700103374,500.0,-49.0,-0.24618493515939638,356.7702299896626,4.848878383636475,5.209538459777832,1.821,1.348,-0.169921875,1.821,1.348,-0.169921875
68,1644503890.3358746,196.0,147.0,-0.1432297700103374,500.0,-49.0,-0.24618493515939638,356.7702299896626,4.848878383636475,5.209538459777832,1.821,1.348,-0.169921875,1.821,1.348,-0.169921875
69,1644503890.3606055,196.0,147.0,-0.1365848220580429,500.0,-49.0,-0.24618493515939638,363.4151779419571,4.9690985679626465,5.369832515716553,1.821,1.348,-0.169921875,1.821,1.348,-0.169921875
70,1644503890.3876255,196.0,147.0,-0.1365848220580429,500.0,-49.0,-0.24618493515939638,363.4151779419571,5.049245357513428,5.449979305267334,1.821,1.348,-0.169921875,1.821,1.348,-0.169921875
71,1644503890.4079518,202.0,149.0,-0.1374140174444999,500.0,-53.0,-0.2653839938134022,362.5859825555001,5.009171962738037,5.490052700042725,1.821,1.348,-0.169921875,1.821,1.348,-0.169921875
72,1644503890.4268317,202.0,149.0,-0.1374140174444999,500.0,-53.0,-0.2653839938134022,362.5859825555001,5.089318752288818,5.530126094818115,1.821,1.348,-0.169921875,1.821,1.348,-0.169921875
73,1644503890.4624693,203.0,155.0,-0.13450112693627306,500.0,-48.0,-0.2413554905754038,365.49887306372693,5.129391670227051,5.530126094818115,1.821,1.348,-0.169921875,1.821,1.348,-0.169921875
74,1644503890.4709432,203.0,155.0,-0.13450112693627306,500.0,-48.0,-0.2413554905754038,365.49887306372693,5.129391670227051,5.530126094818115,1.821,1.348,-0.169921875,1.821,1.348,-0.169921875
75,1644503890.5055099,205.0,156.0,-0.13450112693627306,500.0,-49.0,-0.24618493515939638,365.49887306372693,5.2896857261657715,5.650346279144287,1.821,1.348,-0.169921875,1.821,1.348,-0.169921875
76,1644503890.519414,205.0,156.0,-0.12785460139497276,500.0,-49.0,-0.24618493515939638,372.14539860502725,5.2896857261657715,5.650346279144287,1.821,1.348,-0.169921875,1.821,1.348,-0.169921875
77,1644503890.5475864,205.0,156.0,-0.12785460139497276,500.0,-49.0,-0.24618493515939638,372.14539860502725,5.329758644104004,5.570199489593506,1.821,1.348,-0.169921875,1.821,1.348,-0.169921875
78,1644503890.555078,212.0,159.0,-0.12785460139497276,500.0,-53.0,-0.2653839938134022,372.14539860502725,5.329758644104004,5.570199489593506,1.821,1.348,-0.169921875,1.821,1.348,-0.169921875
79,1644503890.5584252,212.0,159.0,-0.12785460139497276,500.0,-53.0,-0.2653839938134022,372.14539860502725,5.409905910491943,5.6102728843688965,1.821,1.348,-0.169921875,1.821,1.348,-0.169921875
80,1644503890.5661418,212.0,159.0,-0.12785460139497276,500.0,-53.0,-0.2653839938134022,372.14539860502725,5.409905910491943,5.6102728843688965,1.821,1.348,-0.169921875,1.821,1.348,-0.169921875
81,1644503890.5748117,212.0,159.0,-0.12785460139497276,500.0,-53.0,-0.2653839938134022,372.14539860502725,5.409905910491943,5.6102728843688965,1.821,1.348,-0.169921875,1.821,1.348,-0.169921875
82,1644503890.5779939,212.0,159.0,-0.12785460139497276,500.0,-53.0,-0.2653839938134022,372.14539860502725,5.409905910491943,5.6102728843688965,1.821,1.348,-0.169921875,1.821,1.348,-0.169921875
83,1644503890.6129577,212.0,159.0,-0.12099420686842678,500.0,-53.0,-0.2653839938134022,379.0057931315732,5.490052700042725,5.730493068695068,1.821,1.348,-0.169921875,1.821,1.348,-0.169921875
84,1644503890.6164606,212.0,159.0,-0.12099420686842678,500.0,-53.0,-0.2653839938134022,379.0057931315732,5.490052700042725,5.730493068695068,1.821,1.348,-0.169921875,1.821,1.348,-0.169921875
85,1644503890.6308248,219.0,168.0,-0.12099420686842678,500.0,-51.0,-0.25580856461537194,379.0057931315732,5.449979305267334,5.650346279144287,1.821,1.348,-0.169921875,1.821,1.348,-0.169921875
86,1644503890.6447685,219.0,168.0,-0.12092323770995074,500.0,-51.0,-0.25580856461537194,379.07676229004926,5.409905910491943,5.6102728843688965,1.821,1.348,-0.169921875,1.821,1.348,-0.169921875
87,1644503890.6536565,219.0,168.0,-0.11634649159862585,500.0,-51.0,-0.25580856461537194,383.65350840137415,5.409905910491943,5.6102728843688965,1.821,1.348,-0.169921875,1.821,1.348,-0.169921875
88,1644503890.6737514,219.0,170.0,-0.11634649159862585,500.0,-49.0,-0.24618493515939638,383.65350840137415,5.449979305267334,5.650346279144287,1.821,1.348,-0.169921875,1.821,1.348,-0.169921875
89,1644503890.7009664,224.0,170.0,-0.11634649159862585,500.0,-54.0,-0.270153199711405,383.65350840137415,5.490052700042725,5.770566463470459,1.821,1.348,-0.169921875,1.821,1.348,-0.169921875
90,1644503890.705867,224.0,170.0,-0.11507476329981364,500.0,-54.0,-0.270153199711405,384.92523670018636,5.490052700042725,5.730493068695068,1.821,1.348,-0.169921875,1.821,1.348,-0.169921875
91,1644503890.713735,224.0,170.0,-0.11507476329981364,500.0,-54.0,-0.270153199711405,384.92523670018636,5.490052700042725,5.730493068695068,1.821,1.348,-0.169921875,1.821,1.348,-0.169921875
92,1644503890.7155373,225.0,177.0,-0.11507476329981364,500.0,-48.0,-0.2413554905754038,384.92523670018636,5.449979305267334,5.690419673919678,1.821,1.348,-0.169921875,1.821,1.348,-0.169921875
93,1644503890.7442296,225.0,177.0,-0.11507476329981364,500.0,-48.0,-0.2413554905754038,384.92523670018636,5.409905910491943,5.690419673919678,1.821,1.348,-0.169921875,1.821,1.348,-0.169921875
94,1644503890.748074,225.0,177.0,-0.11507476329981364,500.0,-48.0,-0.2413554905754038,384.92523670018636,5.409905910491943,5.690419673919678,1.821,1.348,-0.169921875,1.821,1.348,-0.169921875
95,1644503890.751307,225.0,177.0,-0.11507476329981364,500.0,-48.0,-0.2413554905754038,384.92523670018636,5.409905910491943,5.690419673919678,1.821,1.348,-0.169921875,1.821,1.348,-0.169921875
96,1644503890.7527835,225.0,177.0,-0.11507476329981364,500.0,-48.0,-0.2413554905754038,384.92523670018636,5.409905910491943,5.690419673919678,1.821,1.348,-0.169921875,1.821,1.348,-0.169921875
97,1644503890.7545884,225.0,177.0,-0.11507476329981364,500.0,-48.0,-0.2413554905754038,384.92523670018636,5.409905910491943,5.690419673919678,1.821,1.348,-0.169921875,1.821,1.348,-0.169921875
98,1644503890.7557788,225.0,177.0,-0.11507476329981364,500.0,-48.0,-0.2413554905754038,384.92523670018636,5.409905910491943,5.690419673919678,1.821,1.348,-0.169921875,1.821,1.348,-0.169921875
99,1644503890.762448,225.0,177.0,-0.11507476329981364,500.0,-48.0,-0.2413554905754038,384.92523670018636,5.409905910491943,5.730493068695068,1.821,1.348,-0.169921875,1.821,1.348,-0.169921875
100,1644503890.7706745,225.0,177.0,-0.11507476329981364,500.0,-48.0,-0.2413554905754038,384.92523670018636,5.409905910491943,5.730493068695068,1.821,1.348,-0.169921875,1.821,1.348,-0.169921875
101,1644503890.7908268,225.0,177.0,-0.11213784244475584,500.0,-48.0,-0.2413554905754038,387.86215755524415,5.409905910491943,5.690419673919678,1.821,1.348,-0.169921875,1.821,1.348,-0.169921875
102,1644503890.8264992,225.0,177.0,-0.10751536753397374,500.0,-48.0,-0.2413554905754038,392.48463246602626,5.449979305267334,5.690419673919678,1.821,1.348,-0.169921875,1.821,1.348,-0.169921875
103,1644503890.8303437,228.0,181.0,-0.1073930838318405,500.0,-47.0,-0.23651453636043476,392.6069161681595,5.490052700042725,5.770566463470459,1.821,1.348,-0.169921875,1.821,1.348,-0.169921875
104,1644503890.833126,233.0,181.0,-0.1073930838318405,500.0,-52.0,-0.26060239174734096,392.6069161681595,5.490052700042725,5.770566463470459,1.821,1.348,-0.169921875,1.821,1.348,-0.169921875
105,1644503890.8405654,233.0,183.0,-0.1073930838318405,500.0,-50.0,-0.25100268664303466,392.6069161681595,5.490052700042725,5.770566463470459,1.821,1.348,-0.169921875,1.821,1.348,-0.169921875
106,1644503890.8532205,233.0,183.0,-0.1073930838318405,500.0,-50.0,-0.25100268664303466,392.6069161681595,5.490052700042725,5.770566463470459,1.821,1.348,-0.169921875,1.821,1.348,-0.169921875
107,1644503890.867438,233.0,183.0,-0.1073930838318405,500.0,-50.0,-0.25100268664303466,392.6069161681595,5.490052700042725,5.730493068695068,1.821,1.348,-0.169921875,1.821,1.348,-0.169921875
108,1644503890.8753934,233.0,183.0,-0.1073930838318405,500.0,-50.0,-0.25100268664303466,392.6069161681595,5.490052700042725,5.730493068695068,1.821,1.348,-0.169921875,1.821,1.348,-0.169921875
109,1644503890.8944948,233.0,183.0,-0.09879338072340908,500.0,-50.0,-0.25100268664303466,401.2066192765909,5.530126094818115,5.730493068695068,1.821,1.348,-0.169921875,1.821,1.348,-0.169921875
110,1644503890.9244747,233.0,183.0,-0.09793985379098614,500.0,-50.0,-0.25100268664303466,402.06014620901385,5.490052700042725,5.770566463470459,1.821,1.348,-0.169921875,1.821,1.348,-0.169921875
111,1644503890.9335423,243.0,183.0,-0.09793985379098614,500.0,-60.0,-0.2984989315861793,402.06014620901385,5.490052700042725,5.770566463470459,1.821,1.348,-0.169921875,1.821,1.348,-0.169921875
112,1644503890.9374251,243.0,190.0,-0.09793985379098614,500.0,-53.0,-0.2653839938134022,402.06014620901385,5.490052700042725,5.770566463470459,1.821,1.348,-0.169921875,1.821,1.348,-0.169921875
113,1644503890.9406753,243.0,190.0,-0.09793985379098614,500.0,-53.0,-0.2653839938134022,402.06014620901385,5.490052700042725,5.770566463470459,1.821,1.348,-0.169921875,1.821,1.348,-0.169921875
114,1644503890.9493668,243.0,190.0,-0.09371394361551438,500.0,-53.0,-0.2653839938134022,406.2860563844856,5.490052700042725,5.770566463470459,1.821,1.348,-0.169921875,1.821,1.348,-0.169921875
115,1644503890.9517882,243.0,190.0,-0.09371394361551438,500.0,-53.0,-0.2653839938134022,406.2860563844856,5.490052700042725,5.770566463470459,1.821,1.348,-0.169921875,1.821,1.348,-0.169921875
116,1644503890.9545338,248.0,190.0,-0.09371394361551438,500.0,-58.0,-0.28910274986199147,406.2860563844856,5.449979305267334,5.6102728843688965,1.821,1.348,-0.169921875,1.821,1.348,-0.169921875
117,1644503890.957474,248.0,190.0,-0.09371394361551438,500.0,-58.0,-0.28910274986199147,406.2860563844856,5.449979305267334,5.690419673919678,1.821,1.348,-0.169921875,1.821,1.348,-0.169921875
118,1644503890.975877,248.0,190.0,-0.09274142108431403,500.0,-58.0,-0.28910274986199147,407.258578915686,5.449979305267334,5.690419673919678,1.821,1.348,-0.169921875,1.821,1.348,-0.169921875
119,1644503890.9844813,248.0,190.0,-0.09274142108431403,500.0,-58.0,-0.28910274986199147,407.258578915686,5.490052700042725,5.730493068695068,1.821,1.348,-0.169921875,1.821,1.348,-0.169921875
120,1644503890.9878285,248.0,200.0,-0.09274142108431403,500.0,-48.0,-0.2413554905754038,407.258578915686,5.490052700042725,5.730493068695068,1.821,1.348,-0.169921875,1.821,1.348,-0.169921875
121,1644503891.0182905,248.0,200.0,-0.08970635344366548,500.0,-48.0,-0.2413554905754038,410.2936465563345,5.490052700042725,5.650346279144287,1.821,1.348,-0.169921875,1.821,1.348,-0.169921875
122,1644503891.0219831,248.0,200.0,-0.08970635344366548,500.0,-48.0,-0.2413554905754038,410.2936465563345,5.490052700042725,5.650346279144287,1.821,1.348,-0.169921875,1.821,1.348,-0.169921875
123,1644503891.0517979,251.0,206.0,-0.08970635344366548,500.0,-45.0,-0.2267988480538859,410.2936465563345,5.490052700042725,5.6102728843688965,1.821,1.348,-0.169921875,1.821,1.348,-0.169921875
124,1644503891.0644484,251.0,206.0,-0.08970635344366548,500.0,-45.0,-0.2267988480538859,410.2936465563345,5.490052700042725,5.6102728843688965,1.821,1.348,-0.169921875,1.821,1.348,-0.169921875
125,1644503891.072858,251.0,206.0,-0.08969717653900665,500.0,-45.0,-0.2267988480538859,410.30282346099335,5.449979305267334,5.650346279144287,1.821,1.348,-0.169921875,1.821,1.348,-0.169921875
126,1644503891.1028569,251.0,206.0,-0.08297302513735884,500.0,-45.0,-0.2267988480538859,417.02697486264117,5.449979305267334,5.530126094818115,1.821,1.348,-0.169921875,1.821,1.348,-0.169921875
127,1644503891.1106777,251.0,211.0,-0.08297302513735884,500.0,-40.0,-0.20232162837830373,417.02697486264117,5.449979305267334,5.530126094818115,1.821,1.348,-0.169921875,1.821,1.348,-0.169921875
128,1644503891.1415694,258.0,211.0,-0.08297302513735884,500.0,-47.0,-0.23651453636043476,417.02697486264117,5.6102728843688965,5.690419673919678,1.821,1.348,-0.169921875,1.821,1.348,-0.169921875
129,1644503891.171167,258.0,211.0,-0.08055541803210724,500.0,-47.0,-0.23651453636043476,419.44458196789276,5.6102728843688965,5.6102728843688965,1.821,1.348,-0.169921875,1.821,1.348,-0.169921875
130,1644503891.1996987,258.0,211.0,-0.08055541803210724,500.0,-47.0,-0.23651453636043476,419.44458196789276,5.530126094818115,5.409905910491943,1.821,1.348,-0.169921875,1.821,1.348,-0.169921875
131,1644503891.2250524,264.0,198.0,-0.07996072143137081,500.0,-66.0,-0.3263588167067627,420.0392785686292,5.449979305267334,5.449979305267334,1.821,1.348,-0.169921875,1.821,1.348,-0.169921875
132,1644503891.2431076,264.0,198.0,-0.07996072143137081,500.0,-66.0,-0.3263588167067627,420.0392785686292,5.449979305267334,5.449979305267334,1.821,1.348,-0.169921875,1.821,1.348,-0.169921875
133,1644503891.2464905,264.0,198.0,-0.07996072143137081,500.0,-66.0,-0.3263588167067627,420.0392785686292,5.449979305267334,5.449979305267334,1.821,1.348,-0.169921875,1.821,1.348,-0.169921875
134,1644503891.2623785,264.0,198.0,-0.07996072143137081,500.0,-66.0,-0.3263588167067627,420.0392785686292,5.409905910491943,5.409905910491943,1.821,1.348,-0.169921875,1.821,1.348,-0.169921875
135,1644503891.2773879,264.0,198.0,-0.07779729072354581,500.0,-66.0,-0.3263588167067627,422.2027092764542,5.409905910491943,5.409905910491943,1.821,1.348,-0.169921875,1.821,1.348,-0.169921875
136,1644503891.2810583,264.0,198.0,-0.07454394240689687,500.0,-66.0,-0.3263588167067627,425.45605759310314,5.369832515716553,5.049245357513428,1.821,1.348,-0.169921875,1.821,1.348,-0.169921875
137,1644503891.2841926,264.0,210.0,-0.07454394240689687,500.0,-54.0,-0.270153199711405,425.45605759310314,5.449979305267334,4.808804988861084,1.821,1.348,-0.169921875,1.821,1.348,-0.169921875
138,1644503891.2929726,268.0,210.0,-0.07454394240689687,500.0,-58.0,-0.28910274986199147,425.45605759310314,5.449979305267334,4.808804988861084,1.821,1.348,-0.169921875,1.821,1.348,-0.169921875
139,1644503891.3013027,268.0,210.0,-0.07454394240689687,500.0,-58.0,-0.28910274986199147,425.45605759310314,5.490052700042725,4.6485114097595215,1.821,1.348,-0.169921875,1.821,1.348,-0.169921875
140,1644503891.3147452,268.0,210.0,-0.07454394240689687,500.0,-58.0,-0.28910274986199147,425.45605759310314,5.490052700042725,4.6485114097595215,1.821,1.348,-0.169921875,1.821,1.348,-0.169921875
141,1644503891.3231606,268.0,210.0,-0.07454394240689687,500.0,-58.0,-0.28910274986199147,425.45605759310314,5.490052700042725,4.488218307495117,1.821,1.348,-0.169921875,1.821,1.348,-0.169921875
142,1644503891.3322845,268.0,210.0,-0.07073920833479645,500.0,-58.0,-0.28910274986199147,429.26079166520356,5.490052700042725,4.488218307495117,1.821,1.348,-0.169921875,1.821,1.348,-0.169921875
143,1644503891.335542,268.0,210.0,-0.07073920833479645,500.0,-58.0,-0.28910274986199147,429.26079166520356,5.490052700042725,4.488218307495117,1.821,1.348,-0.169921875,1.821,1.348,-0.169921875
144,1644503891.349416,273.0,210.0,-0.07073920833479645,500.0,-63.0,-0.31249155973451914,429.26079166520356,5.409905910491943,4.367998123168945,1.821,1.348,-0.169921875,1.821,1.348,-0.169921875
145,1644503891.3684309,273.0,210.0,-0.07073920833479645,500.0,-63.0,-0.31249155973451914,429.26079166520356,5.409905910491943,4.207704067230225,1.821,1.348,-0.169921875,1.821,1.348,-0.169921875
146,1644503891.3910794,273.0,210.0,-0.07031765606831289,500.0,-63.0,-0.31249155973451914,429.6823439316871,5.449979305267334,4.127557754516602,1.821,1.348,-0.169921875,1.821,1.348,-0.169921875
147,1644503891.3946888,273.0,210.0,-0.07031765606831289,500.0,-63.0,-0.31249155973451914,429.6823439316871,5.449979305267334,4.127557754516602,1.821,1.348,-0.169921875,1.821,1.348,-0.169921875
148,1644503891.4035053,273.0,212.0,-0.06883606724904258,500.0,-61.0,-0.30317683916959465,431.16393275095743,5.329759120941162,4.04741096496582,1.821,1.348,-0.169921875,1.821,1.348,-0.169921875
149,1644503891.428078,273.0,212.0,-0.06883606724904258,500.0,-61.0,-0.30317683916959465,431.16393275095743,5.209538459777832,3.887117385864258,1.821,1.348,-0.169921875,1.821,1.348,-0.169921875
150,1644503891.4316342,275.0,212.0,-0.06883606724904258,500.0,-63.0,-0.31249155973451914,431.16393275095743,5.209538459777832,3.887117385864258,1.821,1.348,-0.169921875,1.821,1.348,-0.169921875
151,1644503891.4402835,275.0,212.0,-0.06883606724904258,500.0,-63.0,-0.31249155973451914,431.16393275095743,5.049245357513428,3.646677017211914,1.821,1.348,-0.169921875,1.821,1.348,-0.169921875
152,1644503891.4485106,275.0,212.0,-0.06883606724904258,500.0,-63.0,-0.31249155973451914,431.16393275095743,5.049245357513428,3.646677017211914,1.821,1.348,-0.169921875,1.821,1.348,-0.169921875
153,1644503891.4577513,275.0,212.0,-0.06661168080466143,500.0,-63.0,-0.31249155973451914,433.38831919533857,5.049245357513428,3.646677017211914,1.821,1.348,-0.169921875,1.821,1.348,-0.169921875
154,1644503891.4720366,275.0,212.0,-0.06574053759194658,500.0,-63.0,-0.31249155973451914,434.2594624080534,5.049245357513428,3.446310043334961,1.821,1.348,-0.169921875,1.821,1.348,-0.169921875
155,1644503891.496087,275.0,226.0,-0.06574053759194658,500.0,-49.0,-0.24618493515939638,434.2594624080534,4.9690985679626465,3.125723123550415,1.821,1.348,-0.169921875,1.821,1.348,-0.169921875
156,1644503891.4993894,276.0,226.0,-0.06574053759194658,500.0,-50.0,-0.25100268664303466,434.2594624080534,4.9690985679626465,3.125723123550415,1.821,1.348,-0.169921875,1.821,1.348,-0.169921875
157,1644503891.507974,276.0,226.0,-0.06574053759194658,500.0,-50.0,-0.25100268664303466,434.2594624080534,4.848878383636475,2.8051364421844482,1.821,1.348,-0.169921875,1.821,1.348,-0.169921875
158,1644503891.537412,276.0,226.0,-0.0621023253727152,500.0,-50.0,-0.25100268664303466,437.8976746272848,4.808804988861084,2.604769468307495,1.821,1.348,-0.169921875,1.821,1.348,-0.169921875
159,1644503891.551015,276.0,226.0,-0.0621023253727152,500.0,-50.0,-0.25100268664303466,437.8976746272848,4.728658199310303,2.404402494430542,1.821,1.348,-0.169921875,1.821,1.348,-0.169921875
160,1644503891.554013,280.0,228.0,-0.0621023253727152,500.0,-52.0,-0.26060239174734096,437.8976746272848,4.728658199310303,2.404402494430542,1.821,1.348,-0.169921875,1.821,1.348,-0.169921875
161,1644503891.562113,280.0,228.0,-0.0621023253727152,500.0,-52.0,-0.26060239174734096,437.8976746272848,4.688584804534912,2.3643290996551514,1.821,1.348,-0.169921875,1.821,1.348,-0.169921875
162,1644503891.5777328,280.0,228.0,-0.057883037730597095,500.0,-52.0,-0.26060239174734096,442.1169622694029,4.688584804534912,2.6849162578582764,1.821,1.348,-0.169921875,1.821,1.348,-0.169921875
163,1644503891.581552,280.0,228.0,-0.057883037730597095,500.0,-52.0,-0.26060239174734096,442.1169622694029,4.688584804534912,2.6849162578582764,1.821,1.348,-0.169921875,1.821,1.348,-0.169921875
164,1644503891.5949323,284.0,235.0,-0.057883037730597095,500.0,-49.0,-0.24618493515939638,442.1169622694029,4.688584804534912,2.6849162578582764,1.821,1.348,-0.169921875,1.821,1.348,-0.169921875
165,1644503891.5979884,284.0,235.0,-0.057883037730597095,500.0,-49.0,-0.24618493515939638,442.1169622694029,4.56836462020874,2.9654300212860107,1.821,1.348,-0.169921875,1.821,1.348,-0.169921875
166,1644503891.6281018,284.0,235.0,-0.057883037730597095,500.0,-49.0,-0.24618493515939638,442.1169622694029,4.448144912719727,3.0856497287750244,1.821,1.348,-0.169921875,1.821,1.348,-0.169921875
167,1644503891.6326113,284.0,235.0,-0.054478383019901176,500.0,-49.0,-0.24618493515939638,445.5216169800988,4.448144912719727,3.0856497287750244,1.821,1.348,-0.169921875,1.821,1.348,-0.169921875
168,1644503891.6355302,284.0,235.0,-0.054478383019901176,500.0,-49.0,-0.24618493515939638,445.5216169800988,4.448144912719727,3.0856497287750244,1.821,1.348,-0.169921875,1.821,1.348,-0.169921875
169,1644503891.638966,287.0,245.0,-0.054478383019901176,500.0,-42.0,-0.2121437530044756,445.5216169800988,4.448144912719727,3.125723123550415,1.821,1.348,-0.169921875,1.821,1.348,-0.169921875
170,1644503891.641783,287.0,245.0,-0.054478383019901176,500.0,-42.0,-0.2121437530044756,445.5216169800988,4.448144912719727,3.125723123550415,1.821,1.348,-0.169921875,1.821,1.348,-0.169921875
171,1644503891.665284,287.0,245.0,-0.054478383019901176,500.0,-42.0,-0.2121437530044756,445.5216169800988,4.327924728393555,3.245943307876587,1.821,1.348,-0.169921875,1.821,1.348,-0.169921875
172,1644503891.6740198,287.0,245.0,-0.054478383019901176,500.0,-42.0,-0.2121437530044756,445.5216169800988,4.327924728393555,3.245943307876587,1.821,1.348,-0.169921875,1.821,1.348,-0.169921875
173,1644503891.6772504,287.0,245.0,-0.054478383019901176,500.0,-42.0,-0.2121437530044756,445.5216169800988,4.3279242515563965,3.2860167026519775,1.821,1.348,-0.169921875,1.821,1.348,-0.169921875
174,1644503891.6902034,287.0,245.0,-0.054478383019901176,500.0,-42.0,-0.2121437530044756,445.5216169800988,4.3279242515563965,3.2860167026519775,1.821,1.348,-0.169921875,1.821,1.348,-0.169921875
175,1644503891.716219,287.0,245.0,-0.053459546706144015,500.0,-42.0,-0.2121437530044756,446.540453293856,4.608438014984131,3.446310043334961,1.821,1.348,-0.169921875,1.821,1.348,-0.169921875
176,1644503891.7355642,287.0,245.0,-0.053459546706144015,500.0,-42.0,-0.2121437530044756,446.540453293856,4.608438014984131,3.446310043334961,1.821,1.348,-0.169921875,1.821,1.348,-0.169921875
177,1644503891.7394252,288.0,251.0,-0.053459546706144015,500.0,-37.0,-0.18751445852181417,446.540453293856,4.6485114097595215,3.646677017211914,1.821,1.348,-0.169921875,1.821,1.348,-0.169921875
178,1644503891.7527325,288.0,251.0,-0.053459546706144015,500.0,-37.0,-0.18751445852181417,446.540453293856,4.6485114097595215,3.646677017211914,1.821,1.348,-0.169921875,1.821,1.348,-0.169921875
179,1644503891.7674763,288.0,251.0,0.0,500.0,-37.0,-0.18751445852181417,452.3646894483142,4.608438014984131,3.6066036224365234,1.821,1.348,-0.169921875,1.821,1.348,-0.169921875
180,1644503891.7870696,288.0,251.0,0.0,500.0,-37.0,-0.18751445852181417,452.3646894483142,4.56836462020874,3.526456832885742,1.821,1.348,-0.169921875,1.821,1.348,-0.169921875
181,1644503891.800701,294.0,252.0,0.0,500.0,-42.0,-0.2121437530044756,452.3646894483142,4.608438014984131,3.646677017211914,1.821,1.348,-0.169921875,1.821,1.348,-0.169921875
182,1644503891.8094716,294.0,252.0,0.0,500.0,-42.0,-0.2121437530044756,452.3646894483142,4.608438014984131,3.646677017211914,1.821,1.348,-0.169921875,1.821,1.348,-0.169921875
183,1644503891.8175673,294.0,252.0,0.0,500.0,-42.0,-0.2121437530044756,452.3646894483142,4.608438014984131,3.646677017211914,1.821,1.348,-0.169921875,1.821,1.348,-0.169921875
184,1644503891.8374884,294.0,252.0,0.0,500.0,-42.0,-0.2121437530044756,453.29450195467,4.728658199310303,3.8069705963134766,1.821,1.348,-0.169921875,1.821,1.348,-0.169921875
185,1644503891.8413796,294.0,252.0,0.0,500.0,-42.0,-0.2121437530044756,453.29450195467,4.728658199310303,3.8069705963134766,1.821,1.348,-0.169921875,1.821,1.348,-0.169921875
186,1644503891.8448281,295.0,252.0,0.0,500.0,-43.0,-0.2170393981582582,453.39970098499685,4.768731594085693,3.766897201538086,1.821,1.348,-0.169921875,1.821,1.348,-0.169921875
187,1644503891.852003,295.0,252.0,0.0,500.0,-43.0,-0.2170393981582582,453.39970098499685,4.768731594085693,3.766897201538086,1.821,1.348,-0.169921875,1.821,1.348,-0.169921875
188,1644503891.8552506,295.0,259.0,0.0,500.0,-36.0,-0.1825598531309068,453.39970098499685,4.768731594085693,3.766897201538086,1.821,1.348,-0.169921875,1.821,1.348,-0.169921875
189,1644503891.8579793,295.0,259.0,0.0,500.0,-36.0,-0.1825598531309068,453.39970098499685,4.768731594085693,3.766897201538086,1.821,1.348,-0.169921875,1.821,1.348,-0.169921875
190,1644503891.866091,295.0,259.0,0.0,500.0,-36.0,-0.1825598531309068,453.39970098499685,4.888951778411865,3.646677017211914,1.821,1.348,-0.169921875,1.821,1.348,-0.169921875
191,1644503891.8847008,295.0,259.0,0.0,500.0,-36.0,-0.1825598531309068,453.39970098499685,4.888951778411865,3.766897201538086,1.821,1.348,-0.169921875,1.821,1.348,-0.169921875
192,1644503891.8893025,295.0,259.0,0.0,500.0,-36.0,-0.1825598531309068,456.32327419631844,4.888951778411865,3.766897201538086,1.821,1.348,-0.169921875,1.821,1.348,-0.169921875
193,1644503891.8971157,295.0,259.0,0.0,500.0,-36.0,-0.1825598531309068,456.32327419631844,4.888951778411865,3.887117385864258,1.821,1.348,-0.169921875,1.821,1.348,-0.169921875
194,1644503891.905608,298.0,263.0,0.0,500.0,-35.0,-0.1775961672834879,456.32327419631844,4.888951778411865,3.887117385864258,1.821,1.348,-0.169921875,1.821,1.348,-0.169921875
195,1644503891.9086237,298.0,263.0,0.0,500.0,-35.0,-0.1775961672834879,456.32327419631844,4.888951778411865,3.887117385864258,1.821,1.348,-0.169921875,1.821,1.348,-0.169921875
196,1644503891.9221823,298.0,263.0,0.0,500.0,-35.0,-0.1775961672834879,456.32327419631844,4.929025173187256,3.8069705963134766,1.821,1.348,-0.169921875,1.821,1.348,-0.169921875
197,1644503891.9244652,298.0,263.0,0.0,500.0,-35.0,-0.1775961672834879,456.32327419631844,4.929025173187256,3.8069705963134766,1.821,1.348,-0.169921875,1.821,1.348,-0.169921875
198,1644503891.9434614,298.0,263.0,0.0,500.0,-35.0,-0.1775961672834879,456.32327419631844,4.929025173187256,3.887117385864258,1.821,1.348,-0.169921875,1.821,1.348,-0.169921875
199,1644503891.9514701,298.0,263.0,0.0,500.0,-35.0,-0.1775961672834879,456.32327419631844,4.929025173187256,3.887117385864258,1.821,1.348,-0.169921875,1.821,1.348,-0.169921875
200,1644503891.9557378,298.0,263.0,0.0,500.0,-35.0,-0.1775961672834879,460.28456916931793,4.929025173187256,3.887117385864258,1.821,1.348,-0.169921875,1.821,1.348,-0.169921875
201,1644503891.9646626,298.0,263.0,0.0,500.0,-35.0,-0.1775961672834879,460.26035902429396,4.929025173187256,3.887117385864258,1.821,1.348,-0.169921875,1.821,1.348,-0.169921875
202,1644503891.9840555,302.0,263.0,0.0,500.0,-39.0,-0.19739555984988078,460.26035902429396,4.929025173187256,3.887117385864258,1.821,1.348,-0.169921875,1.821,1.348,-0.169921875
203,1644503892.0147257,302.0,267.0,0.0,500.0,-35.0,-0.1775961672834879,460.26035902429396,4.9690985679626465,3.887117385864258,1.821,1.348,-0.169921875,1.821,1.348,-0.169921875
204,1644503892.029437,302.0,267.0,0.0,500.0,-35.0,-0.1775961672834879,460.180032648341,5.089318752288818,4.00733757019043,1.821,1.348,-0.169921875,1.821,1.348,-0.169921875
205,1644503892.0533655,302.0,267.0,0.0,500.0,-35.0,-0.1775961672834879,460.180032648341,5.009171962738037,3.9271907806396484,1.821,1.348,-0.169921875,1.821,1.348,-0.169921875
206,1644503892.0568633,302.0,269.0,0.0,500.0,-33.0,-0.1676424378312157,460.180032648341,5.009171962738037,3.9271907806396484,1.821,1.348,-0.169921875,1.821,1.348,-0.169921875
207,1644503892.065578,302.0,269.0,0.0,500.0,-33.0,-0.1676424378312157,460.180032648341,4.929025173187256,3.887117385864258,1.821,1.348,-0.169921875,1.821,1.348,-0.169921875
208,1644503892.0843384,302.0,269.0,0.0,500.0,-33.0,-0.1676424378312157,463.23352278886904,4.929025173187256,3.887117385864258,1.821,1.348,-0.169921875,1.821,1.348,-0.169921875
209,1644503892.0879042,302.0,269.0,0.0,500.0,-33.0,-0.1676424378312157,463.0164050557402,5.009171962738037,4.00733757019043,1.821,1.348,-0.169921875,1.821,1.348,-0.169921875
210,1644503892.0962324,305.0,269.0,0.0,500.0,-36.0,-0.1825598531309068,463.0164050557402,5.009171962738037,4.00733757019043,1.821,1.348,-0.169921875,1.821,1.348,-0.169921875
211,1644503892.1106417,305.0,274.0,0.0,500.0,-31.0,-0.1576550624799266,463.0164050557402,5.129391670227051,4.087484359741211,1.821,1.348,-0.169921875,1.821,1.348,-0.169921875
212,1644503892.13007,305.0,274.0,0.0,500.0,-31.0,-0.1576550624799266,463.0164050557402,5.169465065002441,4.087484359741211,1.821,1.348,-0.169921875,1.821,1.348,-0.169921875
213,1644503892.1333816,305.0,274.0,0.0,500.0,-31.0,-0.1576550624799266,463.0164050557402,5.169465065002441,4.087484359741211,1.821,1.348,-0.169921875,1.821,1.348,-0.169921875
214,1644503892.1419983,305.0,274.0,0.0,500.0,-31.0,-0.1576550624799266,463.0164050557402,5.169465065002441,4.087484359741211,1.821,1.348,-0.169921875,1.821,1.348,-0.169921875
215,1644503892.1548738,305.0,274.0,0.0,500.0,-31.0,-0.1576550624799266,463.0164050557402,5.129392147064209,4.087484359741211,1.821,1.348,-0.169921875,1.821,1.348,-0.169921875
216,1644503892.1643898,305.0,274.0,0.0,500.0,-31.0,-0.1576550624799266,461.88513442768635,5.009171962738037,4.087484359741211,1.821,1.348,-0.169921875,1.821,1.348,-0.169921875
217,1644503892.1908176,305.0,274.0,0.0,500.0,-31.0,-0.1576550624799266,461.83291164493255,5.08931827545166,4.087484359741211,1.821,1.348,-0.169921875,1.821,1.348,-0.169921875
218,1644503892.204905,305.0,283.0,0.0,500.0,-22.0,-0.11234545817437695,461.83291164493255,5.209538459777832,3.8069705963134766,1.821,1.348,-0.169921875,1.821,1.348,-0.169921875
219,1644503892.2188668,306.0,289.0,0.0,500.0,-17.0,-0.08695962656792519,461.83291164493255,5.209538459777832,3.8069705963134766,1.821,1.348,-0.169921875,1.821,1.348,-0.169921875
220,1644503892.2324038,306.0,289.0,0.0,500.0,-17.0,-0.08695962656792519,461.83291164493255,5.209538459777832,3.8069705963134766,1.821,1.348,-0.169921875,1.821,1.348,-0.169921875
221,1644503892.235834,306.0,289.0,0.0,500.0,-17.0,-0.08695962656792519,461.83291164493255,5.209538459777832,3.8069705963134766,1.821,1.348,-0.169921875,1.821,1.348,-0.169921875
222,1644503892.24435,306.0,289.0,0.0,500.0,-17.0,-0.08695962656792519,461.83291164493255,5.209538459777832,3.8069705963134766,1.821,1.348,-0.169921875,1.821,1.348,-0.169921875
223,1644503892.275699,306.0,289.0,0.0,500.0,-17.0,-0.08695962656792519,463.0621447180954,5.089318752288818,3.2058699131011963,1.821,1.348,-0.169921875,1.821,1.348,-0.169921875
224,1644503892.279815,306.0,289.0,0.0,500.0,-17.0,-0.08695962656792519,463.0621447180954,5.049245357513428,3.0055034160614014,1.821,1.348,-0.169921875,1.821,1.348,-0.169921875
225,1644503892.293705,307.0,289.0,0.0,500.0,-18.0,-0.09204684886340674,463.0621447180954,5.049245357513428,3.0055034160614014,1.821,1.348,-0.169921875,1.821,1.348,-0.169921875
226,1644503892.2967708,307.0,289.0,0.0,500.0,-18.0,-0.09204684886340674,463.0621447180954,5.049245357513428,3.0055034160614014,1.821,1.348,-0.169921875,1.821,1.348,-0.169921875
227,1644503892.310394,307.0,289.0,0.0,500.0,-18.0,-0.09204684886340674,463.0621447180954,4.929025173187256,2.845209836959839,1.821,1.348,-0.169921875,1.821,1.348,-0.169921875
228,1644503892.3399706,307.0,289.0,0.0,500.0,-18.0,-0.09204684886340674,465.8177972198067,4.848878383636475,2.524622678756714,1.821,1.348,-0.169921875,1.821,1.348,-0.169921875
229,1644503892.3590794,307.0,289.0,0.0,500.0,-18.0,-0.09204684886340674,465.8177972198067,4.808804988861084,2.3643290996551514,1.821,1.348,-0.169921875,1.821,1.348,-0.169921875
230,1644503892.3673728,310.0,293.0,0.0,500.0,-17.0,-0.08695962656792519,465.8177972198067,4.808804988861084,2.3643290996551514,1.821,1.348,-0.169921875,1.821,1.348,-0.169921875
231,1644503892.408786,310.0,293.0,0.0,500.0,-17.0,-0.08695962656792519,465.8493839478487,4.608438014984131,2.204035520553589,1.821,1.348,-0.169921875,1.821,1.348,-0.169921875
232,1644503892.417477,310.0,293.0,0.0,500.0,-17.0,-0.08695962656792519,465.8493839478487,4.488218307495117,1.9635953903198242,1.821,1.348,-0.169921875,1.821,1.348,-0.169921875
233,1644503892.4256392,312.0,302.0,0.0,500.0,-10.0,-0.05123716740341881,465.8493839478487,4.488218307495117,1.9635953903198242,1.821,1.348,-0.169921875,1.821,1.348,-0.169921875
234,1644503892.4454618,312.0,302.0,0.0,500.0,-10.0,-0.05123716740341881,465.8493839478487,4.408071517944336,1.883448600769043,1.821,1.348,-0.169921875,1.821,1.348,-0.169921875
235,1644503892.4540904,312.0,302.0,0.0,500.0,-10.0,-0.05123716740341881,465.8230377349699,4.408071517944336,1.883448600769043,1.821,1.348,-0.169921875,1.821,1.348,-0.169921875
236,1644503892.462544,312.0,302.0,0.0,500.0,-10.0,-0.05123716740341881,465.8230377349699,4.367998123168945,1.763228416442871,1.821,1.348,-0.169921875,1.821,1.348,-0.169921875
237,1644503892.4763696,313.0,306.0,0.0,500.0,-7.0,-0.03588202835315739,465.8230377349699,4.367998123168945,1.763228416442871,1.821,1.348,-0.169921875,1.821,1.348,-0.169921875
